Year	Date	DayPart	ExactTime	Order	EventID	Track	Origin	Title	Event	Characters	Teams	Location	Arc	Continuity	DateCertainty	Reference	SupportingSources	Review
0	18.01	unknown		100	V10-000001	NARUTO	M	Prologue — Land of Waves	arc 01 [Prologue — Land of Waves] — Naruto paints the Hokage Monument; Iruka catches him and makes him clean it; Naruto declares that he will surpass every Hokage; Iruka treats him to ramen after Naruto performs the Transformation Technique.	Naruto Uzumaki;Iruka Umino			Prologue — Land of Waves	main	inherited_v9	Prologue — Land of Waves	A [еп. 1] — аніме розширює погоню за Наруто, його самотній побут і реакцію мешканців Конохи на витівку з монументом.	supporting-source-migrated;daypart
0	19.01	unknown		100	V10-000002	NARUTO	M	Prologue — Land of Waves	arc 01 [Prologue — Land of Waves] — Naruto fails the Academy graduation exam because he cannot make a stable clone; Mizuki manipulates him into stealing the Scroll of Seals; Hiruzen orders the scroll recovered; Iruka finds Naruto and learns Mizuki set him up; Mizuki reveals the Nine-Tails is sealed in Naruto and attacks Iruka.	Naruto Uzumaki;Hiruzen Sarutobi;Iruka Umino			Prologue — Land of Waves	main	inherited_v9	Prologue — Land of Waves	A [еп. 1] — випускний іспит, крадіжка Сувою Печатей і зрада Мідзукі екранізовані в межах першої серії.	supporting-source-migrated;daypart
0	20.01	dawn		100	V10-000003	NARUTO	M	Prologue — Land of Waves	arc 01 [Prologue — Land of Waves] — Before dawn Iruka protects Naruto and acknowledges him as Naruto rather than the Nine-Tails; Naruto uses the Multiple Shadow Clone Technique learned from the scroll to defeat Mizuki; Iruka gives Naruto his own forehead protector and passes him.	Naruto Uzumaki;Iruka Umino			Prologue — Land of Waves	main	inherited_v9	Prologue — Land of Waves	A [еп. 1] — Ірука визнає Наруто, а той уперше масово застосовує Тіньових Клонів.	supporting-source-migrated
0	21.01	unknown		100	V10-000004	NARUTO	M	Prologue — Land of Waves	arc 01 [Prologue — Land of Waves] — Naruto registers officially as a ninja; he meets Konohamaru, who challenges him; Naruto defeats Ebisu with the Harem Technique and teaches Konohamaru that becoming Hokage has no shortcut.	Naruto Uzumaki;Konohamaru Sarutobi;Ebisu			Prologue — Land of Waves	main	inherited_v9	Prologue — Land of Waves	A [еп. 2] — знайомство Наруто з Конохамару та Ебісу.	supporting-source-migrated;daypart
0	22.01	unknown		100	V10-000005	NARUTO	M	перед розподілом команд однокласник штовхає Наруто, і той випадково цілує Саске	M [гл. 3] — перед розподілом команд однокласник штовхає Наруто, і той випадково цілує Саске; клас бурхливо реагує.	Naruto Uzumaki;Sasuke Uchiha				main	inherited_v9	гл. 3		daypart
0	22.01	unknown		200	V10-000006	NARUTO	M	Graduation ceremony	M [arc 01, Prologue — Land of Waves] — Graduation ceremony; Teams 7, 8, and 10 are formed; Naruto restrains Sasuke and impersonates him to approach Sakura; Sakura unknowingly insults Naruto to Sasuke; Kakashi meets Team 7, hears their introductions, and schedules the survival exercise.	Naruto Uzumaki;Sasuke Uchiha;Sakura Haruno;Kakashi Hatake	Team 7			main	inherited_v9	arc 01, Prologue — Land of Waves		daypart
0	22.01	unknown		300	V10-000007	NARUTO	A	формування Команди 7	A [еп. 3] — формування Команди 7; аніме раніше показує однокласників і майбутні Команди 8 та 10.		Team 7;Team 8			main	inherited_v9	еп. 3		daypart
0	22.01	unknown		400	V10-000008	NARUTO	R	Хірузен доручає Команду 7 Какаші	F [Shippūden еп. 179, 360–361; ретроспектива] — Хірузен доручає Команду 7 Какаші; вони відвідують помешкання Наруто й родини Саске та Сакури, Какаші дізнається про спорідненість Наруто з Мінато, спостерігає за новою трійцею з тіні й погоджується провести випробування.	Naruto Uzumaki;Sasuke Uchiha;Kakashi Hatake;Hiruzen Sarutobi	Team 7			main	inherited_v9	Shippūden еп. 179, 360–361; ретроспектива		daypart
0	22.01	evening		500	V10-000009	T9LM	P	Team Formation	arc 01 [Team Formation] — Iruka assigns Kita Hayashi, Ren Tetsu, and Sora Yamano to Team 9; Ren does not know Kita by name; Teams 7 and 9 are left waiting; Raido arrives late and first addresses the waiting group as Team 7, then identifies Team 9 and takes them to the dango shop; later Kita spends the evening alone at home and cries. G	Iruka Umino;Raido Namiashi;Kita Hayashi;Ren Tetsu;Sora Yamano	Team 7;Team 9		Team Formation	main	inherited_v9	Team Formation		
0	23.01	unknown		100	V10-000010	NARUTO	M	Prologue — Land of Waves	arc 01 [Prologue — Land of Waves] — Kakashi administers the bell test; Naruto attacks openly and is caught by repeated traps; Sasuke briefly reaches a bell; Sakura is defeated by genjutsu; Kakashi ties Naruto to a post and forbids the others to feed him; Sasuke and Sakura share their food with Naruto, proving teamwork, so Kakashi passes them as Team 7.	Naruto Uzumaki;Sasuke Uchiha;Sakura Haruno;Kakashi Hatake	Team 7		Prologue — Land of Waves	main	inherited_v9	Prologue — Land of Waves	A [еп. 4–5] — повна аніме-версія тесту з дзвіночками та першого уроку командної роботи.	supporting-source-migrated;daypart
0	23.01	unknown		200	V10-000011	NARUTO	R	перед тестом Какаші згадує відхилені ним попередні команди, відвідує Меморіальний камінь і за порадою Тензо вирішує пере	F [Shippūden еп. 361; ретроспектива] — перед тестом Какаші згадує відхилені ним попередні команди, відвідує Меморіальний камінь і за порадою Тензо вирішує перевірити, чи здатні Наруто, Саске й Сакура поставити товаришів вище за наказ.	Naruto Uzumaki;Sasuke Uchiha;Sakura Haruno;Kakashi Hatake				main	inherited_v9	Shippūden еп. 361; ретроспектива		daypart
0	23.01	unknown		300	V10-000012	T9LM	P	Field 8 Observation Test	arc 02 [Field 8 Observation Test] — Raido assigns Team 9 to Training Field 8, already occupied by Kurenai and Team 8; Team 9 remains at the edge of the field, initially unsure of the situation; Sora begins observing Team 8 and Kita and Ren join in; after roughly an hour Sora throws a stone at the concealed Raido and exposes his position; Raido praises their observation and information-gathering.	Kurenai Yuhi;Raido Namiashi;Kita Hayashi;Ren Tetsu;Sora Yamano	Team 8;Team 9		Field 8 Observation Test	main	inherited_v9	Field 8 Observation Test		daypart
0	24.01	unknown		100	V10-000013	NARUTO	O	Конохамару просить Наруто знайти в забороненій Акаґахарі багряний чотирилистий клевер, щоб загадати бажання й не розлуча	O [OVA «Find the Four-Leaf Red Clover!»; після еп. 5] — Конохамару просить Наруто знайти в забороненій Акаґахарі багряний чотирилистий клевер, щоб загадати бажання й не розлучатися з Йошіно Каеде; після пасток старого полігону Саске й Сакура допомагають їм відбитися від маріонет, а Конохамару віддає клевер Каеде.	Naruto Uzumaki;Sasuke Uchiha;Sakura Haruno;Konohamaru Sarutobi				main	inherited_v9	OVA «Find the Four-Leaf Red Clover!»; після еп. 5		daypart
0	25.01	unknown		100	V10-000014	NARUTO	R	Команда 7 виконує доручення Некоба: зібрати останній відбиток лапи для «Енциклопедії котячих лап»	F [Shippūden еп. 189; ретроспектива, реконструйоване раннє вікно] — Команда 7 виконує доручення Некоба: зібрати останній відбиток лапи для «Енциклопедії котячих лап»; Наруто, Сакура й Саске проникають у володіння велетенського кота Некомати та здобувають відбиток.	Naruto Uzumaki;Sasuke Uchiha;Sakura Haruno	Team 7			main	derived	Shippūden еп. 189; ретроспектива, реконструйоване раннє вікно		daypart
0	26.01	unknown		100	V10-000015	NARUTO	R	молодий генін Наруто знаходить записку з ім’ям Кісуке, зустрічає його привида й допомагає викрити шпигуна, причетного до	F [Shippūden еп. 193; ретроспектива, реконструйоване раннє вікно] — молодий генін Наруто знаходить записку з ім’ям Кісуке, зустрічає його привида й допомагає викрити шпигуна, причетного до смерті Кісуке та зникнення відомостей із Конохи.	Naruto Uzumaki				main	derived	Shippūden еп. 193; ретроспектива, реконструйоване раннє вікно		daypart
0	27.01	unknown		100	V10-000016	NARUTO	R	під час повернення викраденого скарбу Наруто й Саске опиняються зв’язаними павутиною та змушені діяти як у «перегонах на	F [Shippūden еп. 194; ретроспектива, реконструйоване раннє вікно] — під час повернення викраденого скарбу Наруто й Саске опиняються зв’язаними павутиною та змушені діяти як у «перегонах на трьох ногах», щоб урятувати полонену Сакуру.	Naruto Uzumaki;Sasuke Uchiha				main	derived	Shippūden еп. 194; ретроспектива, реконструйоване раннє вікно		daypart
0	28.01	unknown		100	V10-000017	NARUTO	R	Команди 7 і 10 спільно визволяють заручника	F [Shippūden еп. 195; ретроспектива, реконструйоване раннє вікно] — Команди 7 і 10 спільно визволяють заручника; колишній розбійник Тофу зраджує їх, Шікамару міняє себе на полоненого, а обидві команди перемагають банду завдяки взаємодії.		Team 7			main	derived	Shippūden еп. 195; ретроспектива, реконструйоване раннє вікно		daypart
0	29.01	unknown		100	V10-000018	NARUTO	R	Команда 10 рятує Косуке	F [Shippūden еп. 239; ретроспектива, реконструйоване раннє вікно] — Команда 10 рятує Косуке; ветеран упізнає в Іно, Шікамару й Чоджі наступне покоління зв’язки Іно–Шіка–Чо та згадує бойову злагодженість їхніх батьків.	Ino Yamanaka;Choji Akimichi	Team 10			main	derived	Shippūden еп. 239; ретроспектива, реконструйоване раннє вікно		daypart
0	01.02	unknown		100	V10-000019	NARUTO	G	Команда 7 починає серію створених для гри завдань у Конохі	G/ALT [Naruto: Konoha Ninpōchō; реконструйоване вікно до місії Тадзуни] — Команда 7 починає серію створених для гри завдань у Конохі; ця гілка не замінює манґа-канон і розглядається як паралельна.	Naruto Uzumaki	Team 7			alt	derived	Naruto: Konoha Ninpōchō; реконструйоване вікно до місії Тадзуни		daypart
0	02.02	unknown		100	V10-000020	NARUTO	G	під час додаткових місій Мідзукі тікає з-під варти	G/ALT [Konoha Ninpōchō] — під час додаткових місій Мідзукі тікає з-під варти; Наруто, Саске й Сакура беруть участь у переслідуванні та зривають його новий задум.	Naruto Uzumaki;Sasuke Uchiha;Sakura Haruno				alt	inherited_v9	Konoha Ninpōchō		daypart
0	03.02	unknown		100	V10-000021	NARUTO	G	Команда 7 проходить наступні самостійні ігрові місії, що розширюють проміжок між тестом Какаші та Країною Хвиль.	G/ALT [Konoha Ninpōchō] — Команда 7 проходить наступні самостійні ігрові місії, що розширюють проміжок між тестом Какаші та Країною Хвиль.	Kakashi Hatake	Team 7			alt	inherited_v9	Konoha Ninpōchō		daypart
0	04.02	unknown		100	V10-000022	NARUTO	G	оригінальна ігрова гілка завершується поверненням команди до звичайних D-рангових завдань	G/ALT [Konoha Ninpōchō] — оригінальна ігрова гілка завершується поверненням команди до звичайних D-рангових завдань; точних канонічних дат гра не дає.					alt	inherited_v9	Konoha Ninpōchō		daypart;entities
0	15.03	unknown		100	V10-000023	NARUTO	M	після серії D-рангів, зокрема прополювання поля, прибирання сміття з річки, вигулу собак і затримання кота Тори, Наруто	M [гл. 9; реконструйований початок подорожі] — після серії D-рангів, зокрема прополювання поля, прибирання сміття з річки, вигулу собак і затримання кота Тори, Наруто вимагає складнішої роботи; Хірузен доручає Команді 7 супровід мостобудівника Тадзуни до Країни Хвиль; команда виходить із Конохи.	Naruto Uzumaki;Hiruzen Sarutobi	Team 7			main	derived	гл. 9; реконструйований початок подорожі		daypart
0	15.03	unknown		200	V10-000024	NARUTO	A	аніме розширює побутові D-ранги й початок першої C-рангової місії.	A [еп. 6] — аніме розширює побутові D-ранги й початок першої C-рангової місії.					main	inherited_v9	еп. 6	N [Innocent Heart, Demonic Blood] — новелізація починає паралельний переказ місії Тадзуни; окремої другої місії не створює.	supporting-source-migrated;daypart;entities
0	16.03	unknown		100	V10-000025	NARUTO	M	на шляху до кордону Брати-Демони атакують Тадзуну	M/A [реконструйований мінімальний час дороги] — на шляху до кордону Брати-Демони атакують Тадзуну; Какаші й Саске нейтралізують їх, а Наруто, принижений власним заціпенінням, проколює отруєну руку й клянеться більше не тікати; Тадзуна визнає, що через Ґато місія фактично значно небезпечніша за заявлений C-ранг, але команда продовжує шлях.	Naruto Uzumaki;Sasuke Uchiha;Kakashi Hatake;Tazuna				main	derived	реконструйований мінімальний час дороги	N [Innocent Heart, Demonic Blood] — новельна версія цієї частини місії.	supporting-source-migrated;daypart
0	17.03	unknown		100	V10-000026	NARUTO	M	Команда 7 дістається узбережжя, пересідає до човна й під покровом туману та без мотора перетинає воду	M/A [реконструйований мінімальний час дороги] — Команда 7 дістається узбережжя, пересідає до човна й під покровом туману та без мотора перетинає воду; Тадзуна пояснює владу Ґато над Країною Хвиль; група висаджується й продовжує шлях до його дому.	Tazuna	Team 7			main	derived	реконструйований мінімальний час дороги	N [Innocent Heart, Demonic Blood] — новельна версія прибуття до Країни Хвиль.	supporting-source-migrated;daypart
0	18.03	unknown		100	V10-000027	NARUTO	M	Забуза атакує	M [arc 01] — Забуза атакує; Какаші відкриває Шарінґан, але потрапляє у Водяну В’язницю; спільний трюк Наруто й Саске зі сюрикенами звільняє його; Какаші перемагає Забузу, та Хаку під виглядом мисливця-нін забирає непритомного напарника; після бою Какаші падає від виснаження.	Naruto Uzumaki;Sasuke Uchiha;Kakashi Hatake;Zabuza Momochi;Haku				main	inherited_v9	arc 01	A [еп. 7–9] — перший бій із Забузою. || N [Innocent Heart, Demonic Blood] — новельна версія бою.	supporting-source-migrated;daypart
0	22.03	unknown		100	V10-000028	NARUTO	M	Kakashi concludes Haku staged Zabuza's death and prepares Team 7 for a rematch	M [arc 01, Prologue — Land of Waves] — Kakashi concludes Haku staged Zabuza's death and prepares Team 7 for a rematch; Tazuna explains Gato's rule and how Kaiza's execution broke Inari's courage; Naruto, Sasuke, and Sakura begin tree-climbing chakra-control training.	Naruto Uzumaki;Sasuke Uchiha;Sakura Haruno;Kakashi Hatake;Zabuza Momochi;Haku;Tazuna;Inari	Team 7			main	inherited_v9	arc 01, Prologue — Land of Waves	A [еп. 10–11] — відновлення Какаші, історія Кайзи й тренування ходіння по деревах. || N [Innocent Heart, Demonic Blood] — новельний переказ відновлення Какаші, історії Кайзи та початку тренування.	supporting-source-migrated;daypart
0	28.03	morning		100	V10-000029	NARUTO	M	на шостий ранок тренування Наруто зустрічає Хаку, який збирає лікарські рослини	M [arc 01] — на шостий ранок тренування Наруто зустрічає Хаку, який збирає лікарські рослини; не впізнавши ворога, слухає його думку про силу заради дорогої людини.	Naruto Uzumaki;Haku				main	inherited_v9	arc 01	A [еп. 11–12] — зустріч Наруто з Хаку. || N [Innocent Heart, Demonic Blood] — новельна версія розмови.	supporting-source-migrated
0	29.03	unknown		100	V10-000030	NARUTO	M	Наруто й Саске завершують вправу з ходіння по деревах	M [arc 01] — Наруто й Саске завершують вправу з ходіння по деревах; Наруто непритомніє від перевтоми, а решта групи виходить із Тадзуною.	Naruto Uzumaki;Sasuke Uchiha				main	inherited_v9	arc 01	A [еп. 12] — завершення тренування. || N [Innocent Heart, Demonic Blood] — новельна версія підготовки до мосту.	supporting-source-migrated;daypart
0	30.03	unknown		100	V10-000031	NARUTO	M	Забуза й Хаку атакують на мосту	M [arc 01] — Забуза й Хаку атакують на мосту; Саске пробуджує Шарінґан і прикриває Наруто; Наруто вивільняє чакру Дев’ятихвостого; Хаку жертвує собою, Забуза вбиває Ґато й помирає поруч із Хаку; жителі проганяють найманців.	Naruto Uzumaki;Sasuke Uchiha;Zabuza Momochi;Haku				main	inherited_v9	arc 01	A [еп. 12–19] — розширена екранна версія битви. || N [Innocent Heart, Demonic Blood] — новельний переказ фінального бою та смерті Хаку й Забузи.	supporting-source-migrated;daypart
0	30.03	unknown		200	V10-000032	NARUTO	M	люди Ґато нападають на будинок Тадзуни й намагаються викрасти Цунамі	M [arc 01, паралельно фінальній битві] — люди Ґато нападають на будинок Тадзуни й намагаються викрасти Цунамі; Інарі долає страх і стає на її захист, Наруто повертається та рятує їх; після загибелі Ґато Інарі приводить мешканців Країни Хвиль на міст, а Забузу й Хаку ховають поруч на височині над країною.	Naruto Uzumaki;Haku;Inari;Tsunami				main	inherited_v9	arc 01, паралельно фінальній битві		daypart
0	13.04	unknown		100	V10-000033	NARUTO	M	міст завершено й названо Великим Мостом Наруто	M [гл. 33; через два тижні після битви] — міст завершено й названо Великим Мостом Наруто; Команда 7 прощається з родиною Тадзуни та повертається до Конохи.	Naruto Uzumaki	Team 7			main	inherited_v9	гл. 33; через два тижні після битви	A [еп. 19] — відкриття мосту й повернення. || N [Innocent Heart, Demonic Blood] — завершення новелізації місії; окремої паралельної події після цього не виникає.	supporting-source-migrated;daypart
0	13.04	unknown		200	V10-000034	NARUTO	R	одразу після прощання Наруто повертається по забутий купон на рамен, Саске йде за ним	F [Shippūden еп. 180; ретроспектива] — одразу після прощання Наруто повертається по забутий купон на рамен, Саске йде за ним; вони допомагають Інарі та дітям протистояти залишкам людей Ґато й беруть нападників у полон.	Naruto Uzumaki;Sasuke Uchiha;Inari				main	inherited_v9	Shippūden еп. 180; ретроспектива		daypart
0	13.04	unknown		300	V10-000035	NARUTO	R	після повернення Команди 7 з Країни Хвиль Наруто дорікає Саске за зверхність	F [Shippūden еп. 258; ретроспектива] — після повернення Команди 7 з Країни Хвиль Наруто дорікає Саске за зверхність; Саске відповідає, що вважає себе кращим лише за Наруто, і пропонує йому стати сильнішим, якщо той хоче звести рахунки.	Naruto Uzumaki;Sasuke Uchiha	Team 7			main	inherited_v9	Shippūden еп. 258; ретроспектива		daypart
0	14.04	unknown		100	V10-000036	NARUTO	O	Команда 7 виконує окрему місію після повернення з Країни Хвиль	O/ALT [OVA «Naruto: The Cross Roads»; реконструйоване вікно після Країни Хвиль] — Команда 7 виконує окрему місію після повернення з Країни Хвиль; суперництво Наруто й Саске порушує злагодженість, але під керівництвом Какаші команда відновлює взаємодію та доводить завдання до кінця. Спецвипуск не має надійної точної дати.	Naruto Uzumaki;Sasuke Uchiha;Kakashi Hatake	Team 7			alt	derived	OVA «Naruto: The Cross Roads»; реконструйоване вікно після Країни Хвиль		daypart
0	15.04	unknown		100	V10-000037	NARUTO	R	Команда 7 супроводжує додому страуса Кондора	F [Shippūden еп. 181; ретроспектива, реконструйоване вікно між Країною Хвиль та іспитом] — Команда 7 супроводжує додому страуса Кондора; дорогою Наруто втручається у давню помсту Цукадо проти Катадзу й Каґекі та допомагає припинити ворожнечу, перш ніж групу атакує банда Канабун.	Naruto Uzumaki	Team 7			main	derived	Shippūden еп. 181; ретроспектива, реконструйоване вікно між Країною Хвиль та іспитом		daypart
0	16.04	unknown		100	V10-000038	NARUTO	R	Наруто й Тентен супроводжують Лі до могили майстра Чена	F [Shippūden еп. 312; ретроспектива, реконструйоване вікно] — Наруто й Тентен супроводжують Лі до могили майстра Чена; Чен виявляється живим і випробовує Лі, а наполегливість учня приводить до створення власної відповіді на техніку «Дракон Конохи».	Naruto Uzumaki;Rock Lee;Tenten				main	derived	Shippūden еп. 312; ретроспектива, реконструйоване вікно		daypart
0	24.06	unknown		100	V10-000039	NARUTO	M	Chunin Exams	arc 02 [Chunin Exams] — The Sand siblings and other foreign genin arrive in Konoha; Konohamaru's group collides with Kankuro, bringing Team 7 into contact with Temari and Gaara; Rock Lee challenges Sasuke and demonstrates superior taijutsu before Guy stops him; Hiruzen briefs the jonin about the Chunin Exams; Kakashi, Asuma, and Kurenai nominate Teams 7, 10, and 8 despite Iruka's objection; Kakashi privately confirms Team 7 will enter by its own choice.	Sasuke Uchiha;Kakashi Hatake;Hiruzen Sarutobi;Gaara;Temari;Kankuro;Rock Lee;Might Guy;Asuma Sarutobi;Kurenai Yuhi;Iruka Umino;Konohamaru Sarutobi	Team 7		Chunin Exams	main	inherited_v9	Chunin Exams	A [еп. 20–23] — повернення Команди 7, висунення на іспит, знайомство з командами Суни, Звуку та іншими учасниками.	supporting-source-migrated;daypart
0	01.07	unknown	14:32	100	V10-000040	NARUTO	M	Team 7 enters the exam building and reunites with Teams 8 and 10	M [arc 02, Chunin Exams] — Team 7 enters the exam building and reunites with Teams 8 and 10; Kabuto displays intelligence cards on rival candidates; the Sound team attacks Kabuto; Ibiki conducts the written test, which evaluates covert information gathering; Naruto refuses to quit when offered the tenth question and inspires the remaining candidates to stay, so 26 teams pass; Anko immediately moves them to the Forest of Death; at 14:32 the five-day scroll test begins; Orochimaru, disguised as Grass genin Shiore, separates Team 7 and attacks; Naruto uses Nine-Tails chakra against Orochimaru, who applies the Five Elements Seal; Sasuke overcomes his fear, binds Orochimaru with wire and uses Fire Release: Dragon Fire Technique before Orochimaru marks him with the Cursed Seal of Heaven; Anko identifies Orochimaru through the murdered Grass team and confronts him but cannot stop him; Gaara kills Team Shigure and his team reaches the tower in record time.	Naruto Uzumaki;Sasuke Uchiha;Orochimaru;Kabuto Yakushi;Gaara;Anko Mitarashi	Team 7			main	exact	arc 02, Chunin Exams	A [еп. 24–30] — письмове випробування, початок етапу в Лісі Смерті та напад Орочімару.	supporting-source-migrated;daypart
0	01.07	unknown		200	V10-000041	NARUTO	F	Конохамару, Моегі й Удон готують репортаж про іспит	F [еп. 26, спеціальний репортаж] — Конохамару, Моегі й Удон готують репортаж про іспит; основа серії є рекапом і не створює окремої сюжетної доби.	Konohamaru Sarutobi				main	inherited_v9	еп. 26, спеціальний репортаж		daypart
0	02.07	dawn		100	V10-000042	NARUTO	M	Chunin Exams	arc 02 [Chunin Exams] — Sakura guards the unconscious Naruto and Sasuke through the night; Team Dosu attacks at dawn; Rock Lee intervenes but is defeated by Dosu's sound attack; Sakura cuts her hair to escape Kin and fights despite her injuries; Team 10 joins the battle; Sasuke awakens under the curse mark, breaks Zaku's arms, and terrifies both allies and enemies until Sakura embraces him and suppresses the seal; Team Dosu leaves its scroll and retreats; Anko reports Orochimaru's infiltration to Hiruzen, who refuses to halt the exam.	Naruto Uzumaki;Sasuke Uchiha;Sakura Haruno;Hiruzen Sarutobi;Orochimaru;Rock Lee;Anko Mitarashi;Dosu;Zaku	Team 10		Chunin Exams	main	inherited_v9	Chunin Exams	A [еп. 31–36] — Сакура захищає непритомних товаришів; Лі та Команда 10 вступають у бій; Саске пробуджується з Проклятою Печаткою.	supporting-source-migrated
0	05.07	unknown		100	V10-000043	NARUTO	M	Team 7 resumes its search for the missing scroll after three days of recovery.	M [arc 02] — Team 7 resumes its search for the missing scroll after three days of recovery.		Team 7			main	inherited_v9	arc 02		daypart
0	05.07	unknown		200	V10-000044	NARUTO	M	відділений від товаришів Саске зустрічає Карін і рятує її від велетенського ведмедя	M [пізніший флешбек, гл. 482] — відділений від товаришів Саске зустрічає Карін і рятує її від велетенського ведмедя; сцени немає в гл. 1–238, але за правилом реальної дати вона належить саме сюди.	Sasuke Uchiha				main	inherited_v9	пізніший флешбек, гл. 482	A [еп. 37] — Команда 7 здобуває потрібний сувій і наближається до вежі. || A [Shippūden еп. 117; ретроспектива] — аніме показує спогад Карін про цю зустріч і порятунок Саске під час другого етапу іспиту.	supporting-source-migrated;daypart
0	06.07	unknown		100	V10-000045	NARUTO	M	Kabuto joins Team 7 and guides them toward the tower	M [arc 02, Chunin Exams] — Kabuto joins Team 7 and guides them toward the tower; Team Oboro traps them in genjutsu and attacks with clones, but Naruto exhausts the real attackers with continuous shadow clones; Team 7 obtains the required scroll and reaches the tower before the deadline; Kabuto secretly rejoins his Sound teammates; seven teams pass, forcing immediate preliminaries.	Naruto Uzumaki;Kabuto Yakushi	Team 7			main	inherited_v9	arc 02, Chunin Exams		daypart
0	06.07	unknown		200	V10-000046	NARUTO	M	M — Preliminary results: Sasuke defeats Yoroi	M — Preliminary results: Sasuke defeats Yoroi; Shino defeats Zaku; Kankuro defeats Misumi; Sakura and Ino knock each other out; Temari defeats Tenten; Shikamaru defeats Kin; Naruto defeats Kiba; Neji critically injures Hinata; Gaara cripples Lee; Dosu defeats Choji. Kakashi seals Sasuke's curse mark and confronts Orochimaru; the finalists draw their matchups for 01.08; Kakashi assigns Ebisu to Naruto.	Naruto Uzumaki;Sasuke Uchiha;Sakura Haruno;Kakashi Hatake;Orochimaru;Gaara;Temari;Kankuro;Shikamaru Nara;Ino Yamanaka;Choji Akimichi;Kiba Inuzuka;Hinata Hyuga;Shino Aburame;Neji Hyuga;Rock Lee;Tenten;Ebisu;Dosu;Zaku				main	inherited_v9			daypart
0	06.07	unknown		300	V10-000047	NARUTO	M	за наказом Орочімару Кабуто проникає до палати Саске, вбиває охоронців АНБУ й підходить до нього зі скальпелем, але Кака	M [гл. 88] — за наказом Орочімару Кабуто проникає до палати Саске, вбиває охоронців АНБУ й підходить до нього зі скальпелем, але Какаші перехоплює його; Кабуто вислизає.	Sasuke Uchiha;Kakashi Hatake;Orochimaru;Kabuto Yakushi				main	inherited_v9	гл. 88		daypart
0	06.07	unknown		400	V10-000048	NARUTO	M	Наруто шукає Какаші для тренувань, натомість починає заняття з Ебісу	M [гл. 89–91] — Наруто шукає Какаші для тренувань, натомість починає заняття з Ебісу; біля гарячих джерел з'являється Джирая, прибирає Печатку П'яти Стихій Орочімару й перебирає тренування Наруто.	Naruto Uzumaki;Kakashi Hatake;Jiraiya;Orochimaru;Ebisu				main	inherited_v9	гл. 89–91		daypart
0	06.07	night		500	V10-000049	NARUTO	M	Досу намагається усунути Ґаару перед фіналом, але Ґаара вбиває його	M [гл. 91–92; ніч] — Досу намагається усунути Ґаару перед фіналом, але Ґаара вбиває його; після цього Кабуто й Бакі обговорюють вторгнення, Хаяте підслуховує їх і гине від руки Бакі.	Kabuto Yakushi;Gaara;Hayate Gekko;Baki;Dosu				main	inherited_v9	гл. 91–92; ніч	A [еп. 37–51] — завершення Лісу Смерті та всі десять попередніх поєдинків.	supporting-source-migrated
0	06.07	unknown		600	V10-000050	NARUTO	R	після попередніх боїв Саске сам просить Какаші тренувати його, щоб перевершити Наруто й наблизитися до власної мети	F [Shippūden еп. 258; ретроспектива] — після попередніх боїв Саске сам просить Какаші тренувати його, щоб перевершити Наруто й наблизитися до власної мети; чакропапір підтверджує спорідненість Саске з Райто́ном, і Какаші вирішує передати йому Чідорі.	Naruto Uzumaki;Sasuke Uchiha;Kakashi Hatake				main	inherited_v9	Shippūden еп. 258; ретроспектива		daypart
0	06.07	morning		700	V10-000051	NARUTO	R	після вбивства АНБУ, які охороняли Саске, Хаяте прибігає до шпиталю, переконується, що Юґао жива, й отримує від Хірузена	F [Shippūden еп. 307–308; ретроспектива] — після вбивства АНБУ, які охороняли Саске, Хаяте прибігає до шпиталю, переконується, що Юґао жива, й отримує від Хірузена наказ простежити за Кабуто; перед виходом Хаяте й Юґао обіцяють захищати одне одного. Наступного ранку Юґао та її загін знаходять тіло Хаяте.	Sasuke Uchiha;Kabuto Yakushi;Hayate Gekko;Yugao Uzuki				main	inherited_v9	Shippūden еп. 307–308; ретроспектива		
0	07.07	unknown		100	V10-000052	NARUTO	M	наступного дня Джирая починає вчити Наруто Техніки Призову	M [arc 02, Chunin Exams] — наступного дня Джирая починає вчити Наруто Техніки Призову; Наруто спершу здатен викликати лише пуголовків і малих жаб, а Джирая готує його до свідомого використання чакри Дев’ятихвостого. Інші фіналісти паралельно починають власну підготовку.	Naruto Uzumaki;Jiraiya				main	inherited_v9	arc 02, Chunin Exams	A [еп. 52–54] — тренування після знайомства з Джираєю та перші спроби призову.	supporting-source-migrated;daypart
0	07.07	unknown		200	V10-000053	NARUTO	R	Ханабі відвідує поранену після бою з Неджі Хінату	F [Shippūden еп. 390; ретроспектива] — Ханабі відвідує поранену після бою з Неджі Хінату; Хіната пояснює, чому не здалася.	Hinata Hyuga;Neji Hyuga				main	inherited_v9	Shippūden еп. 390; ретроспектива		daypart
0	22.07	unknown		100	V10-000054	NARUTO	M	Chunin Exams	arc 02 [Chunin Exams] — Fifteen days into the training period, Kakashi begins intensive private training with Sasuke, developing his speed and teaching him Chidori; Naruto continues summoning practice with Jiraiya but can summon only tadpoles and small toads.	Naruto Uzumaki;Sasuke Uchiha;Kakashi Hatake;Jiraiya			Chunin Exams	main	inherited_v9	Chunin Exams	A [еп. 54–57] — тренування Наруто з призовом і робота Какаші із Саске.	supporting-source-migrated;daypart
0	27.07	unknown		100	V10-000055	NARUTO	M	до цієї дати Раса вже вбитий Орочімару, а Орочімару використовує його особу як Четвертого Казекаґе для координації вторг	M [передумова Konoha Crush; точний день не названий] — до цієї дати Раса вже вбитий Орочімару, а Орочімару використовує його особу як Четвертого Казекаґе для координації вторгнення.	Orochimaru				main	inherited_v9	передумова Konoha Crush; точний день не названий		daypart
0	27.07	unknown		200	V10-000056	NARUTO	R	аніме розширює засідку на Расу й показує участь Кімімаро та людей Звуку.	A [еп. 67–68; ретроспектива] — аніме розширює засідку на Расу й показує участь Кімімаро та людей Звуку.	Kimimaro				main	inherited_v9	еп. 67–68; ретроспектива		daypart
0	27.07	unknown		300	V10-000057	NARUTO	M	Chunin Exams	arc 02 [Chunin Exams] — Baki meets Orochimaru disguised as the Fourth Kazekage and confirms the final arrangements for the invasion; Naruto still cannot summon a combat-capable toad.	Naruto Uzumaki;Orochimaru;Baki			Chunin Exams	main	inherited_v9	Chunin Exams	A [еп. 67–68] — змовники уточнюють план вторгнення Конохи.	supporting-source-migrated;daypart
0	28.07	unknown		100	V10-000058	NARUTO	M	Chunin Exams	arc 02 [Chunin Exams] — Twenty-one days into training, Jiraiya throws Naruto into a ravine to force a life-or-death response; Naruto consciously meets Kurama for the first time, demands chakra as payment for their shared survival, and summons Gamabunta; Naruto remains on Gamabunta until the toad accepts him, then collapses.	Naruto Uzumaki;Jiraiya			Chunin Exams	main	inherited_v9	Chunin Exams	A [еп. 56–58] — Джирая змушує Наруто звернутися до чакри Дев’ятихвостого й укласти контракт із Ґамабунтою.	supporting-source-migrated;daypart
0	31.07	night		100	V10-000059	NARUTO	M	уночі Ґаара приходить до лікарняної палати Лі, щоб убити його	M [гл. 96–97] — уночі Ґаара приходить до лікарняної палати Лі, щоб убити його; Наруто й Шікамару стають на заваді, Ґаара розповідає про дитинство, Яшамару та походження знака «любов», а Ґай зупиняє сутичку.	Naruto Uzumaki;Gaara;Rock Lee;Might Guy				main	inherited_v9	гл. 96–97		
0	31.07	unknown		200	V10-000060	NARUTO	M	Naruto wakes in Konoha Hospital after three days unconscious	M [arc 02] — Naruto wakes in Konoha Hospital after three days unconscious; he visits Lee, learns the damage may end Lee's ninja career, and heads out to prepare; Sasuke remains absent with Kakashi.	Naruto Uzumaki;Sasuke Uchiha;Kakashi Hatake;Rock Lee				main	inherited_v9	arc 02	A [еп. 59–60] — завершення підготовки й прибуття учасників на фінали.	supporting-source-migrated;daypart
0	31.07	unknown		300	V10-000061	NARUTO	R	Наруто, Сакура й Команда 10 проходять смугу пасток на полі Хонегамі в пошуках «спадщини Четвертого Хокаґе»	F [Shippūden еп. 170–171; ретроспектива] — Наруто, Сакура й Команда 10 проходять смугу пасток на полі Хонегамі в пошуках «спадщини Четвертого Хокаґе»; замаскований Ґай перевіряє їх, ніндзя Дощу нападають, Саске таємно допомагає, а сувій нагадує, що в шляху ніндзя немає коротких доріг.	Naruto Uzumaki;Sasuke Uchiha;Sakura Haruno;Might Guy	Team 10			main	inherited_v9	Shippūden еп. 170–171; ретроспектива		daypart
0	31.07	unknown		400	V10-000062	NARUTO	R	Саске самостійно відпрацьовує Чідорі на великому валуні й згадує бій із Ґаарою, зокрема те, як Ґаара відновив ушкоджену	F [Shippūden еп. 259; ретроспектива, приблизне вікно перед фіналом] — Саске самостійно відпрацьовує Чідорі на великому валуні й згадує бій із Ґаарою, зокрема те, як Ґаара відновив ушкоджену піском руку, тоді як сам Саске виснажився через використання Проклятої Печатки.	Sasuke Uchiha;Gaara				main	approximate	Shippūden еп. 259; ретроспектива, приблизне вікно перед фіналом		daypart
0	01.08	unknown		100	V10-000063	NARUTO	M	дорогою на фінали Наруто зустрічає Хінату на тренувальному полі й зізнається, що боїться програти Неджі	M [гл. 98] — дорогою на фінали Наруто зустрічає Хінату на тренувальному полі й зізнається, що боїться програти Неджі; вона називає його «гордим невдахою», який щоразу підводиться, і повертає йому впевненість.	Naruto Uzumaki;Neji Hyuga				main	inherited_v9	гл. 98		daypart
0	01.08	unknown		200	V10-000064	NARUTO	M	Naruto defeats Neji after reopening his sealed chakra with Nine-Tails power and striking from underground	M [arc 02, Chunin Exams] — Naruto defeats Neji after reopening his sealed chakra with Nine-Tails power and striking from underground; Neji learns the truth of his father's willing sacrifice; Shikamaru traps Temari but forfeits; Kakashi and Sasuke arrive late; Sasuke pierces Gaara's sand sphere with Chidori.	Naruto Uzumaki;Sasuke Uchiha;Kakashi Hatake;Gaara;Temari;Shikamaru Nara;Neji Hyuga				main	inherited_v9	arc 02, Chunin Exams		daypart
0	01.08	unknown		300	V10-000065	NARUTO	M	Kabuto casts a mass sleep genjutsu	M [arc 03, Konoha Crush] — Kabuto casts a mass sleep genjutsu; Sand and Sound attack; Orochimaru traps Hiruzen and summons the First and Second Hokage; Hiruzen sacrifices himself to seal Orochimaru's arms; Sasuke pursues Gaara; Naruto summons Gamabunta, defeats Gaara and changes his outlook; the invasion fails.	Naruto Uzumaki;Sasuke Uchiha;Hiruzen Sarutobi;Orochimaru;Kabuto Yakushi;Gaara				main	inherited_v9	arc 03, Konoha Crush	A [еп. 61–79] — фінальні бої іспиту, вторгнення Суни й Звуку, смерть Хірузена та перемога Наруто над Ґаарою.	supporting-source-migrated;daypart
0	01.08	unknown		400	V10-000066	NARUTO	R	під час вторгнення ворожі ніндзя викрадають Хінату	F [Shippūden еп. 192; ретроспектива] — під час вторгнення ворожі ніндзя викрадають Хінату; Неджі, Тентен, Кіба й Акамару переслідують їх, а Хіаші допомагає визволити доньку й відкриває Неджі правду про любов Хізаші.	Kiba Inuzuka;Akamaru;Neji Hyuga;Tenten				main	inherited_v9	Shippūden еп. 192; ретроспектива		daypart
0	01.08	unknown		500	V10-000067	NARUTO	R	Іноїчі, Шікаку й Чодза діють як доросла трійця Іно–Шіка–Чо та рятують Косуке під час нападу.	F [Shippūden еп. 239; ретроспектива] — Іноїчі, Шікаку й Чодза діють як доросла трійця Іно–Шіка–Чо та рятують Косуке під час нападу.	Ino Yamanaka				main	inherited_v9	Shippūden еп. 239; ретроспектива		daypart
0	01.08	unknown		600	V10-000068	NARUTO	R	Ханабі разом із Хіаші дивиться фінал і бачить перемогу Наруто над Неджі.	F [Shippūden еп. 390; ретроспектива] — Ханабі разом із Хіаші дивиться фінал і бачить перемогу Наруто над Неджі.	Naruto Uzumaki;Neji Hyuga				main	inherited_v9	Shippūden еп. 390; ретроспектива		daypart
0	01.08	unknown		700	V10-000069	NARUTO	M	Какаші розвіює сон Сакури й посилає її разом із Наруто, Шикамару та Паккуном наздогнати Саске	M [arc 03, паралельно вторгненню] — Какаші розвіює сон Сакури й посилає її разом із Наруто, Шикамару та Паккуном наздогнати Саске; Шикамару лишається затримати переслідувачів Звуку, а Шино наздоганяє Канкуро й б'ється з ним, поки Саске продовжує погоню за Ґаарою.	Naruto Uzumaki;Sasuke Uchiha;Kakashi Hatake;Kankuro;Shikamaru Nara				main	inherited_v9	arc 03, паралельно вторгненню		daypart
0	01.08	unknown		800	V10-000070	NARUTO	M	M — Кін Цучі й Заку Абумі використані Орочімару як людські жертви для Нечистого Воскресіння Першого й Другого Хокаґе.	M — Кін Цучі й Заку Абумі використані Орочімару як людські жертви для Нечистого Воскресіння Першого й Другого Хокаґе.	Orochimaru;Zaku				main	inherited_v9			daypart
0	01.08	unknown		900	V10-000071	NARUTO	R	під час вторгнення Юґао приходить до Меморіального каменя, де вже викарбуване ім’я Хаяте, присягається помститися за ньо	F [Shippūden еп. 308; ретроспектива] — під час вторгнення Юґао приходить до Меморіального каменя, де вже викарбуване ім’я Хаяте, присягається помститися за нього й вирушає разом зі своїм загоном АНБУ.	Hayate Gekko;Yugao Uzuki				main	inherited_v9	Shippūden еп. 308; ретроспектива		daypart
0	02.08	unknown		100	V10-000072	NARUTO	M	Konoha Crush	arc 03 [Konoha Crush] — Konoha treats the wounded, counts its dead, and begins rebuilding after the failed invasion. The Fire Daimyo and village leadership hold an emergency meeting over the vacant Hokage office and settle on Jiraiya as the preferred candidate; Jiraiya has not yet formally answered. Sunagakure discovers Rasa's corpse, confirms Orochimaru's deception, and moves toward surrender and restoration of the alliance.	Jiraiya;Orochimaru			Konoha Crush	main	inherited_v9	Konoha Crush	A [еп. 79–80] — порятунок поранених, відступ нападників і початок відбудови.	supporting-source-migrated;daypart
0	03.08	unknown		100	V10-000073	NARUTO	M	через два дні після вторгнення Коноха проводить похорон Хірузена	M [гл. 139–143] — через два дні після вторгнення Коноха проводить похорон Хірузена; Ірука пояснює Конохамару Волю Вогню. Після церемонії Кохару й Хомура повідомляють Джираї про рішення попереднього дня та пропонують йому посаду П’ятого Хокаґе; він відмовляється й висуває Цунаде, погоджуючись особисто її знайти та взяти Наруто із собою. Ітачі й Кісаме вже проникли до Конохи в пошуках Наруто; Асума й Куренай вступають із ними в бій, Какаші втручається й потрапляє під Цукуйомі, після чого Ґай змушує Акацукі відступити. Джирая й Наруто залишають Коноху на пошуки Цунаде.	Naruto Uzumaki;Kakashi Hatake;Jiraiya;Tsunade;Might Guy;Asuma Sarutobi;Kurenai Yuhi;Iruka Umino;Konohamaru Sarutobi;Itachi Uchiha;Kisame Hoshigaki				main	inherited_v9	гл. 139–143	A [еп. 80–83] — похорон Третього, поява Ітачі й Кісаме та початок подорожі Джираї з Наруто.	supporting-source-migrated;daypart
0	04.08	unknown		100	V10-000074	NARUTO	R	після іспиту Ґай підбадьорює Тентен, яка сумнівається у власних здібностях	F [Shippūden еп. 237; ретроспектива] — після іспиту Ґай підбадьорює Тентен, яка сумнівається у власних здібностях; вона відмовляється від наслідування Цунаде й утверджує власний шлях майстрині ніндзя-знарядь.	Tsunade;Tenten;Might Guy				main	inherited_v9	Shippūden еп. 237; ретроспектива		daypart
0	04.08	unknown		200	V10-000075	NARUTO	R	Ханабі бачить, як Хіната після поразки продовжує тренуватися разом із Неджі, й помічає її нову впевненість.	F [Shippūden еп. 390; ретроспектива, приблизне вікно] — Ханабі бачить, як Хіната після поразки продовжує тренуватися разом із Неджі, й помічає її нову впевненість.	Hinata Hyuga;Neji Hyuga				main	approximate	Shippūden еп. 390; ретроспектива, приблизне вікно		daypart
0	04.08	unknown		300	V10-000076	NARUTO	M	Ітачі й Кісаме наздоганяють Наруто в заїжджому дворі	M [гл. 144–148] — Ітачі й Кісаме наздоганяють Наруто в заїжджому дворі; Саске, дізнавшись про Ітачі, прибуває й атакує Чідорі, але Ітачі ламає йому руку та знову занурює в Цукуйомі. Джирая повертається, замикає Акацукі всередині стравоходу жаби, однак Ітачі прорізає вихід Аматерасу; Саске лишається непритомним, а Джирая й Наруто продовжують пошуки Цунаде.	Naruto Uzumaki;Sasuke Uchiha;Jiraiya;Tsunade;Itachi Uchiha;Kisame Hoshigaki				main	inherited_v9	гл. 144–148	A [еп. 84–85] — аніме показує зіткнення Саске з Ітачі в заїжджому дворі: Чідорі Саске зупинене, Ітачі ламає йому руку й застосовує Цукуйомі; Джирая захоплює Ітачі й Кісаме технікою шлунка жаби, але вони прориваються назовні Аматерасу.	supporting-source-migrated;daypart
0	22.08	unknown		100	V10-000077	NARUTO	M	Search for Tsunade	arc 04 [Search for Tsunade] — While Jiraiya gathers information on Tsunade, Naruto completes the first Rasengan stage by bursting a water balloon through rotational chakra control; Jiraiya gives him a rubber ball for the harder power stage.	Naruto Uzumaki;Jiraiya;Tsunade			Search for Tsunade	main	inherited_v9	Search for Tsunade	A [еп. 86–90] — Наруто проходить перші етапи формування Расенґана.	supporting-source-migrated;daypart
0	24.08	unknown		100	V10-000078	NARUTO	M	Search for Tsunade	arc 04 [Search for Tsunade] — Jiraiya notes that three weeks have passed since the encounter with Itachi; Naruto continues the Rasengan power stage and learns to focus chakra through a marked point in his palm.	Naruto Uzumaki;Jiraiya;Tsunade;Itachi Uchiha			Search for Tsunade	main	inherited_v9	Search for Tsunade	A [еп. 91] — пошуки Цунаде та початок останнього етапу тренування.	supporting-source-migrated;daypart
0	25.08	unknown		100	V10-000079	NARUTO	M	Search for Tsunade	arc 04 [Search for Tsunade] — Orochimaru and Kabuto reach Tanzaku Town and find Tsunade; Orochimaru offers to resurrect Nawaki and Dan if she heals his sealed arms, giving her one week to decide; Naruto completes the second Rasengan stage by bursting the rubber ball; Naruto and Jiraiya locate Tsunade; Jiraiya offers her the Fifth Hokage position, which she rejects while insulting the Hokage title; Naruto attacks her with an incomplete Rasengan; Tsunade stops him with one finger and wagers her First Hokage necklace that he cannot master Rasengan within one week.	Naruto Uzumaki;Jiraiya;Tsunade;Orochimaru;Kabuto Yakushi			Search for Tsunade	main	inherited_v9	Search for Tsunade	A [еп. 92–93] — Орочімару пропонує воскресити Нава́кі й Дана в обмін на зцілення рук; Цунаде вагається.	supporting-source-migrated;daypart
0	26.08	unknown		100	V10-000080	NARUTO	M	Search for Tsunade	arc 04 [Search for Tsunade] — Naruto begins the final Rasengan stage, trying to combine rotation, power, and containment; Tsunade weighs Orochimaru's offer; Shizune explains to Naruto how Tsunade lost Nawaki and Dan and developed her fear of blood.	Naruto Uzumaki;Tsunade;Orochimaru;Shizune			Search for Tsunade	main	inherited_v9	Search for Tsunade	A [еп. 94] — Наруто намагається поєднати обертання, силу й утримання чакри в завершений Расенґан.	supporting-source-migrated;daypart
0	31.08	night		100	V10-000081	NARUTO	M	Search for Tsunade	arc 04 [Search for Tsunade] — On the final night of the wager Naruto appears unable to complete Rasengan; Tsunade drugs Jiraiya to prevent interference and leaves to meet Orochimaru; Shizune reveals the deal and leads Jiraiya and Naruto after her.	Naruto Uzumaki;Jiraiya;Tsunade;Orochimaru;Shizune			Search for Tsunade	main	inherited_v9	Search for Tsunade	A [еп. 94–95] — спливає строк парі Наруто й Цунаде; сторони готуються до зустрічі з Орочімару.	supporting-source-migrated
0	01.09	unknown		100	V10-000082	NARUTO	M	Search for Tsunade	arc 04 [Search for Tsunade] — Tsunade pretends to accept Orochimaru's terms but attempts to kill him instead of healing him; Kabuto exposes the deception and exploits her fear of blood; Shizune, Jiraiya, and Naruto arrive; Kabuto defeats Shizune and fights Tsunade; Naruto protects Tsunade, traps Kabuto's hand with a shadow clone, and completes Rasengan by using a clone to stabilize it, critically striking Kabuto; Tsunade overcomes her fear, activates Creation Rebirth, and protects Naruto; Jiraiya, Tsunade, and Orochimaru summon Gamabunta, Katsuyu, and Manda in the Sannin deadlock; Tsunade defeats Orochimaru, who retreats with Kabuto; Tsunade gives Naruto the First Hokage's necklace, acknowledges him as a future Hokage, and accepts the office of Fifth Hokage.	Naruto Uzumaki;Jiraiya;Tsunade;Orochimaru;Kabuto Yakushi;Shizune			Search for Tsunade	main	inherited_v9	Search for Tsunade	A [еп. 95–98] — бій трьох саннінів, перший успішний Расенґан Наруто й рішення Цунаде стати П’ятою Хокаґе.	supporting-source-migrated;daypart
0	02.09	unknown		100	V10-000083	NARUTO	M	Naruto recovers after Tsunade repairs Kabuto's damage	M [arc 04, Search for Tsunade] — Naruto recovers after Tsunade repairs Kabuto's damage; Tsunade, Shizune, Jiraiya, and Naruto return to Konoha; Tsunade assumes office as Fifth Hokage, heals Kakashi and Sasuke from Tsukuyomi, examines Lee's injuries, and warns that surgery has only a fifty-percent chance of success; Shikamaru is promoted to chunin.	Naruto Uzumaki;Sasuke Uchiha;Kakashi Hatake;Jiraiya;Tsunade;Kabuto Yakushi;Shikamaru Nara;Rock Lee;Shizune				main	inherited_v9	arc 04, Search for Tsunade	A [еп. 98–100] — повернення до Конохи, лікування Какаші й Саске, діагноз Лі та вступ Цунаде на посаду.	supporting-source-migrated;daypart
0	02.09	unknown		200	V10-000084	NARUTO	F	дорогою до Конохи група зупиняється біля гарячих джерел	F [еп. 97] — дорогою до Конохи група зупиняється біля гарячих джерел; кредитори викрадають Наруто через борги Цунаде, але план провалюється.	Naruto Uzumaki;Tsunade				main	inherited_v9	еп. 97		daypart
0	02.09	unknown		300	V10-000085	NARUTO	F	Конохамару не приймає заміну діда, барикадує кабінет Хокаґе й намагається зірвати вступ Цунаде на посаду	F [еп. 99] — Конохамару не приймає заміну діда, барикадує кабінет Хокаґе й намагається зірвати вступ Цунаде на посаду; Наруто допомагає йому прийняти втрату та зміни.	Naruto Uzumaki;Tsunade;Konohamaru Sarutobi				main	inherited_v9	еп. 99		daypart
0	03.09	unknown		100	V10-000086	NARUTO	F	Наруто, Саске й Сакура намагаються побачити обличчя Какаші під маскою	F [еп. 101] — Наруто, Саске й Сакура намагаються побачити обличчя Какаші під маскою; стежать за ним, влаштовують пастки й зривають його зустріч із трійцею Моя, але Какаші весь день переграє команду та показує під першою маскою другу.	Naruto Uzumaki;Sasuke Uchiha;Sakura Haruno;Kakashi Hatake				main	inherited_v9	еп. 101		daypart
0	03.09	unknown		200	V10-000087	NARUTO	R	Команди 7, 8, 10 і Ґая за допомогою фотографа Скеа знову полюють за обличчям Какаші, проникають до сховища секретних док	F/ALT [Shippūden еп. 469; суперечлива ретроспектива] — Команди 7, 8, 10 і Ґая за допомогою фотографа Скеа знову полюють за обличчям Какаші, проникають до сховища секретних документів і пробують інсценувати порятунок; Скеа насправді є замаскованим Какаші. Присутність Хірузена й згадка попередньої спроби несумісні в одній безперервності, тому подію позначено ALT.	Kakashi Hatake	Team 7			alt	inherited_v9	Shippūden еп. 469; суперечлива ретроспектива		daypart
0	03.09	unknown		300	V10-000088	NARUTO	V	Команда 7 супроводжує акторку Юкіе Фуджіказе до Країни Снігу	F/ALT [фільм «Naruto the Movie: Ninja Clash in the Land of Snow»; після еп. 101] — Команда 7 супроводжує акторку Юкіе Фуджіказе до Країни Снігу; з’ясовується, що вона є принцесою Коюкі Казаханою, вигнаною після перевороту Дото; команда бореться з його броньованими шинобі, Наруто перемагає Дото, а Коюкі повертає країну.	Naruto Uzumaki	Team 7			alt	inherited_v9	фільм «Naruto the Movie: Ninja Clash in the Land of Snow»; після еп. 101		daypart
0	04.09	unknown		100	V10-000089	NARUTO	F	Ібікі Моріно доручає Команді 7 охороняти Ідате Моріно під час перегонів Тодарокі	F [еп. 102–103, місія супроводу в Країні Чаю] — Ібікі Моріно доручає Команді 7 охороняти Ідате Моріно під час перегонів Тодарокі; Аої отруює Ідате й кидає Наруто в море.	Naruto Uzumaki	Team 7			main	inherited_v9	еп. 102–103, місія супроводу в Країні Чаю		daypart
0	04.09	unknown		200	V10-000090	NARUTO	O	Команда 7 отримує C-ранговий супровід Шібукі до Такіґакуре	O [OVA «Mission: Protect the Waterfall Village!»; між еп. 101 і 102] — Команда 7 отримує C-ранговий супровід Шібукі до Такіґакуре; після прибуття з’ясовується, що нукеніни на чолі із Суїєном готують напад заради Води Героїв.		Team 7			main	inherited_v9	OVA «Mission: Protect the Waterfall Village!»; між еп. 101 і 102	N/ALT [новела «Mission: Protect the Waterfall Village!»] — починається окрема прозова версія тієї самої місії; її відмінні сцени не змішуються з OVA.	supporting-source-migrated;daypart
0	05.09	unknown		100	V10-000091	NARUTO	F	команда рятує Ідате, дістається острова Нагі й дізнається про зраду Аої та викрадення Меча Бога Грому.	F [еп. 103–104] — команда рятує Ідате, дістається острова Нагі й дізнається про зраду Аої та викрадення Меча Бога Грому.					main	inherited_v9	еп. 103–104		daypart;entities
0	05.09	unknown		200	V10-000092	NARUTO	O	нападники захоплюють мешканців	O [Waterfall Village] — нападники захоплюють мешканців; Шібукі паралізує страх, а Суїєн прагне випити Воду Героїв, що різко підсилює чакру ціною життєвої сили.					main	inherited_v9	Waterfall Village		daypart;entities
0	05.09	unknown		300	V10-000093	NARUTO	N	паралельна версія облоги з іншим набором і послідовністю сцен.	N/ALT [Waterfall Village, новела] — паралельна версія облоги з іншим набором і послідовністю сцен.					alt	inherited_v9	Waterfall Village, новела		daypart;entities
0	06.09	unknown		100	V10-000094	NARUTO	F	Саске затримує Аої, а Наруто пошкоджує Меч Бога Грому Расенґаном.	F [еп. 104–105] — Саске затримує Аої, а Наруто пошкоджує Меч Бога Грому Расенґаном.	Naruto Uzumaki;Sasuke Uchiha				main	inherited_v9	еп. 104–105		daypart
0	06.09	unknown		200	V10-000095	NARUTO	O	Наруто й Саске чинять опір Суїєну	O [Waterfall Village] — Наруто й Саске чинять опір Суїєну; приклад Наруто повертає Шібукі мужність, і той очолює захист села; напад відбито, а Воду Героїв не віддають загарбникам.	Naruto Uzumaki;Sasuke Uchiha				main	inherited_v9	Waterfall Village		daypart
0	06.09	unknown		300	V10-000096	NARUTO	N	завершується відмінна новельна розв’язка	N/ALT [Waterfall Village, новела] — завершується відмінна новельна розв’язка; це не друга канонічна місія.					alt	inherited_v9	Waterfall Village, новела		daypart;entities
0	07.09	unknown		100	V10-000097	NARUTO	F	Наруто остаточно ламає Меч Бога Грому й перемагає Аої	F [еп. 105–106] — Наруто остаточно ламає Меч Бога Грому й перемагає Аої; Ідате долає останній відрізок маршруту, першим прибуває до святині Модорокі та приносить перемогу Васабі; бос Джірочо припиняє ворожнечу, а Ідате відновлює віру в шинобі та примиряється з Ібікі.	Naruto Uzumaki				main	inherited_v9	еп. 105–106		daypart
0	08.09	unknown		100	V10-000098	NARUTO	F	Команда 7 завершує місію в Країні Чаю й повертається до Конохи	F [еп. 106, завершення] — Команда 7 завершує місію в Країні Чаю й повертається до Конохи; пережите посилює суперництво Саске з Наруто перед їхньою сутичкою на даху лікарні.	Naruto Uzumaki;Sasuke Uchiha	Team 7			main	inherited_v9	еп. 106, завершення		daypart
0	09.09	unknown		100	V10-000099	NARUTO	O	команди Конохи змагаються за тиждень відпочинку від місій, а Наруто весь турнір безуспішно намагається дістатися туалету	O/ALT [OVA «Hidden Leaf Village Grand Sports Festival!»] — команди Конохи змагаються за тиждень відпочинку від місій, а Наруто весь турнір безуспішно намагається дістатися туалету; поява загиблих і ворожих персонажів робить спецвипуск свідомо геговою позаконтинуальною версією.	Naruto Uzumaki				alt	inherited_v9	OVA «Hidden Leaf Village Grand Sports Festival!»		daypart
0	09.09	unknown		200	V10-000100	NARUTO	G	після подій пошуку Цунаде починається ігрова гілка про спеціальну печать Орочімару та нову загрозу Конохі.	G/ALT [Naruto: Ultimate Ninja 2] — після подій пошуку Цунаде починається ігрова гілка про спеціальну печать Орочімару та нову загрозу Конохі.	Naruto Uzumaki;Tsunade;Orochimaru				alt	inherited_v9	Naruto: Ultimate Ninja 2		daypart
0	10.09	unknown		100	V10-000101	NARUTO	O	до втечі Саске Наруто та інші геніни змагаються за пляшку з джином і три бажання	O/ALT [OVA «Naruto, the Genie, and the Three Wishes, Believe It!»] — до втечі Саске Наруто та інші геніни змагаються за пляшку з джином і три бажання; короткий геговий сюжет має суперечливі появи персонажів і не зводиться з основною лінією буквально.	Naruto Uzumaki;Sasuke Uchiha				alt	inherited_v9	OVA «Naruto, the Genie, and the Three Wishes, Believe It!»		daypart
0	10.09	unknown		200	V10-000102	NARUTO	G	Орочімару й Кабуто використовують створену для гри печать, провокуючи серію боїв із союзниками та колишніми ворогами.	G/ALT [Ultimate Ninja 2] — Орочімару й Кабуто використовують створену для гри печать, провокуючи серію боїв із союзниками та колишніми ворогами.	Orochimaru;Kabuto Yakushi				alt	inherited_v9	Ultimate Ninja 2		daypart
0	11.09	unknown		100	V10-000103	NARUTO	G	Наруто та союзники зривають ігровий план Орочімару	G/ALT [Ultimate Ninja 2] — Наруто та союзники зривають ігровий план Орочімару; оригінальна арка завершується без наслідків для манґа-канону.	Naruto Uzumaki;Orochimaru				alt	inherited_v9	Ultimate Ninja 2		daypart
0	12.09	unknown		100	V10-000104	NARUTO	O	Цунаде проводить турнір: кожен учасник має кристал і вибуває, якщо його кристал забрали	O/ALT [OVA «Finally a Clash! Jōnin vs. Genin!!»] — Цунаде проводить турнір: кожен учасник має кристал і вибуває, якщо його кристал забрали; Наруто прагне перемогти Саске й Какаші. Присутність давно загиблих персонажів виключає буквальне місце в каноні.	Naruto Uzumaki;Sasuke Uchiha;Kakashi Hatake;Tsunade				alt	inherited_v9	OVA «Finally a Clash! Jōnin vs. Genin!!»		daypart
0	12.09	unknown		200	V10-000105	NARUTO	G	ігрова версія розширює цей турнір	G/ALT [Naruto: Ultimate Ninja 3] — ігрова версія розширює цей турнір; це та сама альтернативна подія, а не ще один окремий турнір.	Naruto Uzumaki				alt	inherited_v9	Naruto: Ultimate Ninja 3		daypart
0	13.09	unknown		100	V10-000106	NARUTO	R	Команда 7 та Ґаара з двома шинобі Суни спільно захищають поселення від розбійників	F [Shippūden еп. 182; ретроспектива, реконструйоване післявоєнне вікно] — Команда 7 та Ґаара з двома шинобі Суни спільно захищають поселення від розбійників; змовники Суни намагаються усунути Ґаару як джінчюрікі, а Наруто вперше безпосередньо допомагає йому як союзникові.	Naruto Uzumaki;Gaara	Team 7			main	derived	Shippūden еп. 182; ретроспектива, реконструйоване післявоєнне вікно		daypart
0	14.09	unknown		100	V10-000107	NARUTO	R	у перші тижні правління Цунаде Наруто повертається з місії з підозрою на заразний «вірус чакри»	F [Shippūden еп. 183; ретроспектива] — у перші тижні правління Цунаде Наруто повертається з місії з підозрою на заразний «вірус чакри»; Шідзуне та друзі ловлять його після втечі до палати Саске, але тривога виявляється реакцією на перець і алергію Сакури.	Naruto Uzumaki;Sasuke Uchiha;Tsunade				main	inherited_v9	Shippūden еп. 183; ретроспектива		daypart
0	15.09	unknown		100	V10-000108	NARUTO	R	до операції Лі Наруто, Сакура й Іно шукають особливу квітку для ліків Ґая	F [Shippūden еп. 186; ретроспектива] — до операції Лі Наруто, Сакура й Іно шукають особливу квітку для ліків Ґая; рослина породжує двійника супротивника у вигляді Ґаари, якого вони мусять здолати.	Naruto Uzumaki;Sakura Haruno;Ino Yamanaka;Rock Lee				main	inherited_v9	Shippūden еп. 186; ретроспектива		daypart
0	16.09	unknown		100	V10-000109	NARUTO	R	поки Лі госпіталізований, Ґай приєднує Наруто до Команди Ґая й призначає Тентен капітанкою місії до лабораторії ніндзя-з	F [Shippūden еп. 184; ретроспектива] — поки Лі госпіталізований, Ґай приєднує Наруто до Команди Ґая й призначає Тентен капітанкою місії до лабораторії ніндзя-знарядь; вони повертають викрадені прототипи Ґамеру й Кусуне.	Naruto Uzumaki;Rock Lee;Tenten;Might Guy	Team Guy			main	inherited_v9	Shippūden еп. 184; ретроспектива		daypart
0	17.09	unknown		100	V10-000110	NARUTO	R	після вторгнення Наруто разом із двома джонінами та «вічним геніном» Косуке патрулює ослаблений кордон Країни Вогню	F [Shippūden еп. 190; ретроспектива, початок кількаденного патрулювання] — після вторгнення Наруто разом із двома джонінами та «вічним геніном» Косуке патрулює ослаблений кордон Країни Вогню; досвід Косуке, отриманий від Другого й Третього Хокаґе, допомагає виявити проникнення ворога.	Naruto Uzumaki				main	inherited_v9	Shippūden еп. 190; ретроспектива, початок кількаденного патрулювання		daypart
0	18.09	unknown		100	V10-000111	NARUTO	R	загін відбиває напад	F [Shippūden еп. 190; ретроспектива, завершення патрулювання] — загін відбиває напад; Косуке бачить у Наруто риси Мінато й визнає його рішучість.	Naruto Uzumaki				main	inherited_v9	Shippūden еп. 190; ретроспектива, завершення патрулювання		daypart
0	18.09	unknown		200	V10-000112	NARUTO	R	Команда 7 бере участь у затриманні Ханаре з Прихованого Замка	F [Shippūden еп. 191; ретроспектива, реконструйоване вікно] — Команда 7 бере участь у затриманні Ханаре з Прихованого Замка; після допиту й обміну полоненими Какаші наздоганяє її, але дозволяє піти.	Kakashi Hatake	Team 7			main	derived	Shippūden еп. 191; ретроспектива, реконструйоване вікно		daypart
0	19.09	unknown		100	V10-000113	NARUTO	R	через перенапруження Б’якуґана Хіната тимчасово втрачає зір	F [Shippūden еп. 306; ретроспектива] — через перенапруження Б’якуґана Хіната тимчасово втрачає зір; Наруто, Сакура й Неджі шукають траву «Ясне око» в Долині Суду, потрапляють у пастку безликих істот, а Какаші й Ґай їх рятують; Хіната дивиться запланований феєрверк із дому.	Naruto Uzumaki;Sakura Haruno;Kakashi Hatake;Hinata Hyuga;Neji Hyuga;Might Guy				main	inherited_v9	Shippūden еп. 306; ретроспектива		daypart
0	20.09	unknown		100	V10-000114	NARUTO	R	Цунаде посилає Наруто й Команду 10 викрасти спадкоємця Шю за таємною угодою	F [Shippūden еп. 309; ретроспектива, початок A-рангової місії] — Цунаде посилає Наруто й Команду 10 викрасти спадкоємця Шю за таємною угодою; Чоджі проходить кулінарне змагання, Іно контролює Шю, Наруто видає себе за нього, а команда Асуми вивозить справжнього спадкоємця.	Naruto Uzumaki;Tsunade;Ino Yamanaka;Choji Akimichi	Team 10			main	inherited_v9	Shippūden еп. 309; ретроспектива, початок A-рангової місії		daypart
0	21.09	unknown		100	V10-000115	NARUTO	R	маскування Наруто викривають Татевакі й Чійо	F [Shippūden еп. 310; ретроспектива, завершення A-рангової місії] — маскування Наруто викривають Татевакі й Чійо; напад Сасорі та Дейдари руйнує замок, Татевакі помирає від отрути, але Шю доставлено за призначенням, а Ямато спостерігає за успішним завершенням місії.	Naruto Uzumaki				main	inherited_v9	Shippūden еп. 310; ретроспектива, завершення A-рангової місії		daypart
0	21.09	unknown		200	V10-000116	NARUTO	R	під час розшуку злочинців Саске рятує Нахо й товаришів, але через заздрість до зростання Наруто надмірно жорстоко б’є ва	F [Shippūden еп. 196; ретроспектива] — під час розшуку злочинців Саске рятує Нахо й товаришів, але через заздрість до зростання Наруто надмірно жорстоко б’є ватажка; його поведінка показує остаточне загострення кризи перед втечею.	Naruto Uzumaki;Sasuke Uchiha				main	inherited_v9	Shippūden еп. 196; ретроспектива		daypart
0	22.09	unknown		100	V10-000117	NARUTO	M	Саске, якого Цунаде вже вилікувала раніше, дедалі гостріше переживає безсилля перед Ітачі та ріст Наруто	M [гл. 173–175; у спільній лінії поставлено після аніме-місій 101–106] — Саске, якого Цунаде вже вилікувала раніше, дедалі гостріше переживає безсилля перед Ітачі та ріст Наруто; у палаті він у нападі люті вибиває з рук Сакури тарілку з яблуками, після чого викликає Наруто на дах.	Naruto Uzumaki;Sasuke Uchiha;Tsunade;Itachi Uchiha				main	inherited_v9	гл. 173–175; у спільній лінії поставлено після аніме-місій 101–106		daypart
0	22.09	night		200	V10-000118	NARUTO	M	Sasuke, humiliated by Itachi and disturbed by Naruto's rapid growth, challenges Naruto on the hospital roof	M [arc 05, Sasuke Recovery] — Sasuke, humiliated by Itachi and disturbed by Naruto's rapid growth, challenges Naruto on the hospital roof; Kakashi diverts Chidori and Rasengan; the Sound Four defeat Sasuke and invite him to Orochimaru; that night Sasuke decides to defect; Sakura intercepts him, confesses her love, but Sasuke thanks her, knocks her unconscious, and leaves Konoha.	Naruto Uzumaki;Sasuke Uchiha;Sakura Haruno;Kakashi Hatake;Orochimaru;Itachi Uchiha				main	inherited_v9	arc 05, Sasuke Recovery	A [еп. 107–109] — бій на даху, пропозиція Четвірки Звуку та втеча Саске.	supporting-source-migrated
0	22.09	unknown		300	V10-000119	NARUTO	M	після сутички на даху Какаші прив’язує Саске до дерева й говорить із ним про марність помсти та власні втрати	M [гл. 177] — після сутички на даху Какаші прив’язує Саске до дерева й говорить із ним про марність помсти та власні втрати; Саске лишається сам із цими словами перед зустріччю з Четвіркою Звуку.	Sasuke Uchiha;Kakashi Hatake				main	inherited_v9	гл. 177		daypart
0	23.09	unknown		100	V10-000120	NARUTO	M	Ґай переконує Лі погодитися на операцію з 50-відсотковим шансом на виживання й обіцяє померти разом із ним, якщо учень н	M [гл. 180] — Ґай переконує Лі погодитися на операцію з 50-відсотковим шансом на виживання й обіцяє померти разом із ним, якщо учень не переживе операцію.	Rock Lee;Might Guy				main	inherited_v9	гл. 180		daypart
0	23.09	unknown		200	V10-000121	NARUTO	M	Sakura reports Sasuke's defection	M [arc 05, Sasuke Recovery] — Sakura reports Sasuke's defection; Tsunade orders Shikamaru to assemble a retrieval team; he recruits Naruto, Choji, Neji, and Kiba; Naruto promises Sakura to bring Sasuke back; Tsunade operates on Lee; the squad pursues the Sound Four; Choji defeats Jirobo and Neji defeats Kidomaru, обидва лишаються критично пораненими.	Naruto Uzumaki;Sasuke Uchiha;Sakura Haruno;Tsunade;Shikamaru Nara;Choji Akimichi;Kiba Inuzuka;Neji Hyuga;Rock Lee				main	inherited_v9	arc 05, Sasuke Recovery	A [еп. 110–117] — формування загону, переслідування та перші два бої.	supporting-source-migrated;daypart
0	24.09	unknown		100	V10-000122	NARUTO	M	Sasuke Recovery	arc 05 [Sasuke Recovery] — The remaining squad catches Tayuya, Sakon, and Ukon; Kiba and Akamaru fall into a ravine with Sakon and Ukon and fight them separately; Shikamaru traps Tayuya but her flute genjutsu and second state reverse the battle; Kimimaro takes the coffin, releases Sasuke, and holds off Naruto; Orochimaru can wait no longer and transfers into Genyumaru's body; Lee leaves the hospital after surgery and replaces Naruto against Kimimaro, accidentally using Drunken Fist; Sasuke continues alone while Naruto pursues him; Sand reinforcements arrive under the renewed Konoha–Suna alliance: Kankuro kills Sakon and Ukon, Temari kills Tayuya, and Gaara protects Lee from Kimimaro; Kimimaro survives Gaara's strongest attacks but dies from illness moments before landing a fatal blow; Naruto catches Sasuke at the Valley of the End; Sasuke rejects returning and explains that killing his closest friend could awaken Mangekyo Sharingan; Naruto fights to preserve their bond; Sasuke evolves his Sharingan and enters curse-mark state two, while Naruto releases a one-tailed Nine-Tails cloak; Chidori and Rasengan clash; Sasuke wins but refuses to gain power exactly as Itachi ordered, spares Naruto, and continues to Orochimaru.	Naruto Uzumaki;Sasuke Uchiha;Orochimaru;Gaara;Temari;Kankuro;Shikamaru Nara;Kiba Inuzuka;Akamaru;Rock Lee;Itachi Uchiha;Kimimaro;Tayuya;Sakon;Ukon			Sasuke Recovery	main	inherited_v9	Sasuke Recovery	A [еп. 118–134] — бої Кіби, Шікамару й Лі, прибуття шинобі Суни та вирішальна сутичка Наруто із Саске в Долині Завершення.	supporting-source-migrated;daypart
0	25.09	unknown		100	V10-000123	NARUTO	M	Sasuke Recovery	arc 05 [Sasuke Recovery] — Kakashi and Pakkun reach the Valley of the End too late, find the unconscious Naruto, and carry him back; medical teams recover Choji and Neji and treat the squad; Lee's operation succeeds; Naruto wakes in the hospital and admits the promise to Sakura was not fulfilled; Sakura rejects his apology and vows they will bring Sasuke back together; Jiraiya explains that Orochimaru cannot take another body for roughly three years and offers Naruto long-term training; Naruto refuses to abandon Sasuke, and Jiraiya accepts that resolve; Sakura asks Tsunade to train her as a medical ninja.	Naruto Uzumaki;Sasuke Uchiha;Sakura Haruno;Kakashi Hatake;Jiraiya;Tsunade;Orochimaru;Choji Akimichi;Neji Hyuga;Rock Lee;Pakkun			Sasuke Recovery	main	inherited_v9	Sasuke Recovery	A [еп. 135] — провал місії повернення, лікування загону, обіцянка Наруто Сакурі й рішення готуватися до нового пошуку.	supporting-source-migrated;daypart
0	25.09	unknown		200	V10-000124	NARUTO	M	Саске зрештою дістається сховку Орочімару й прямо заявляє, що прийшов лише по силу	M [гл. 238, вступ перед тримісячним стрибком; реконструйовано одразу після місії] — Саске зрештою дістається сховку Орочімару й прямо заявляє, що прийшов лише по силу; Кабуто пояснює, що забинтований чоловік перед ним — Орочімару в новому тілі Ґеньюмару.	Sasuke Uchiha;Orochimaru;Kabuto Yakushi				main	derived	гл. 238, вступ перед тримісячним стрибком; реконструйовано одразу після місії		daypart
0	26.09	unknown		100	V10-000125	NARUTO	F	Наруто відмовляється чекати три роки й намагається сам вирушити по Саске	F [еп. 136, розслідування в Країні Рисових Полів] — Наруто відмовляється чекати три роки й намагається сам вирушити по Саске; Джирая отримує завдання розвідати володіння Орочімару, а Сакура домагається участі, сподіваючись знайти слід Саске; разом вони прямують до Країни Рисових Полів.	Naruto Uzumaki;Sasuke Uchiha;Sakura Haruno;Jiraiya;Orochimaru				main	inherited_v9	еп. 136, розслідування в Країні Рисових Полів		daypart
0	27.09	unknown		100	V10-000126	NARUTO	F	група потрапляє в місто беззаконня й зустрічає Сасаме з клану Фума, яка шукає двоюрідного брата Араші	F [еп. 137–138] — група потрапляє в місто беззаконня й зустрічає Сасаме з клану Фума, яка шукає двоюрідного брата Араші; залишки клану служать Орочімару в надії повернути колишню силу; після нападу Камікірі, Джігумо й Кагеро Сасаме спершу зраджує мандрівників, але відмовляється від угоди, коли бачить справжню ціну служби Орочімару.	Orochimaru				main	inherited_v9	еп. 137–138		daypart
0	28.09	unknown		100	V10-000127	NARUTO	F	Джирая, Наруто, Сакура й Сасаме проникають у покинуту резиденцію Орочімару	F [еп. 139–140] — Джирая, Наруто, Сакура й Сасаме проникають у покинуту резиденцію Орочімару; Кабуто заманює їх у пастки й використовує Араші, зрощеного з тілами Камікірі та Джігумо, як живу зброю; Сакура опиняється всередині чакрової пастки, а Наруто намагається пробитися до збереженої свідомості Араші.	Naruto Uzumaki;Sakura Haruno;Jiraiya;Orochimaru;Kabuto Yakushi				main	inherited_v9	еп. 139–140		daypart
0	29.09	unknown		100	V10-000128	NARUTO	F	Араші на мить повертає контроль і допомагає зруйнувати створене Орочімару тіло	F [еп. 140–141] — Араші на мить повертає контроль і допомагає зруйнувати створене Орочімару тіло; Сасаме прощається з ним, лігво руйнується, а доказів перебування Саске не знаходять; після повернення Сакура просить Цунаде зробити її ученицею, щоб наступного разу не бути безсилою.	Sasuke Uchiha;Sakura Haruno;Tsunade;Orochimaru				main	inherited_v9	еп. 140–141		daypart
0	30.09	unknown		100	V10-000129	NARUTO	R	Команда 8 не затримує злодія-втікача з Таки	F [Shippūden еп. 236; ретроспектива, після провалу повернення Саске] — Команда 8 не затримує злодія-втікача з Таки; Шіно сумнівається у своїй користі в ближньому бою, але під час поїздки з Кібою та Хінатою визволяє друзів із полону й сам перемагає злочинця.	Sasuke Uchiha;Shino Aburame	Team 8			main	inherited_v9	Shippūden еп. 236; ретроспектива, після провалу повернення Саске		daypart
0	01.10	unknown		100	V10-000130	NARUTO	F	Мідзукі організовує втечу з в’язниці суворого режиму разом із братами Фуджіном і Райджіном	F [еп. 142, переслідування Мідзукі] — Мідзукі організовує втечу з в’язниці суворого режиму разом із братами Фуджіном і Райджіном; Цунаде піднімає тривогу, Ірука й Наруто починають переслідування, а наречена Мідзукі Цубакі погоджується допомогти зупинити його.	Naruto Uzumaki;Tsunade;Iruka Umino				main	inherited_v9	еп. 142, переслідування Мідзукі		daypart
0	02.10	unknown		100	V10-000131	NARUTO	F	Тонтон веде Наруто до втікачів	F [еп. 143–144] — Тонтон веде Наруто до втікачів; Фуджін і Райджін перемагають переслідувачів грубою силою, тому Цунаде формує нові групи: Наруто діє з Ірукою й Паккуном, а Іно, Шікамару та Чоджі стримують братів; з’ясовується, що Мідзукі шукає компоненти формули Орочімару.	Naruto Uzumaki;Tsunade;Orochimaru;Ino Yamanaka;Choji Akimichi				main	inherited_v9	еп. 143–144		daypart
0	03.10	unknown		100	V10-000132	NARUTO	F	Іно–Шіка–Чо використовують їжу, тіньове зв’язування й техніку перенесення свідомості, щоб нейтралізувати Фуджіна та Райд	F [еп. 145–146] — Іно–Шіка–Чо використовують їжу, тіньове зв’язування й техніку перенесення свідомості, щоб нейтралізувати Фуджіна та Райджіна; Мідзукі завершує препарат, перетворюється на тигроподібного воїна й намагається довести свою перевагу над Ірукою.	Ino Yamanaka				main	inherited_v9	еп. 145–146		daypart
0	04.10	unknown		100	V10-000133	NARUTO	F	Наруто й Ірука разом перемагають Мідзукі	F [еп. 146–147] — Наруто й Ірука разом перемагають Мідзукі; нестабільна формула руйнує його чакрову систему й позбавляє сили; Цубакі вирішує чекати на його виправлення, утікачів повертають під варту, а Наруто підтверджує, що Ірука лишається його найближчим наставником.	Naruto Uzumaki;Iruka Umino				main	inherited_v9	еп. 146–147		daypart
0	05.10	unknown		100	V10-000134	NARUTO	R	Кондор згадує, як Наруто, Лі, Шіно, Котецу та Ідзумо на «Нульовій ділянці» Лісу Смерті ловили чотирьох ніндзя-тварин, се	F [Shippūden еп. 185; ретроспектива, реконструйоване післяопераційне вікно] — Кондор згадує, як Наруто, Лі, Шіно, Котецу та Ідзумо на «Нульовій ділянці» Лісу Смерті ловили чотирьох ніндзя-тварин, серед них хижі рослини й боксерського кенгуру.	Naruto Uzumaki;Shino Aburame;Rock Lee				main	derived	Shippūden еп. 185; ретроспектива, реконструйоване післяопераційне вікно		daypart
0	05.10	unknown		200	V10-000135	NARUTO	V	Наруто, Сакура й Шікамару під час місії з пошуку тхора Неруґуї стикаються з Темуджином і військом Хайдо	F/ALT [фільм «Naruto the Movie: Legend of the Stone of Gelel»; після еп. 147, альтернативне розміщення] — Наруто, Сакура й Шікамару під час місії з пошуку тхора Неруґуї стикаються з Темуджином і військом Хайдо; конфлікт веде до покладів Каменю Ґелеля, спроби Хайдо використати його силу та фінального знищення джерела.	Naruto Uzumaki;Sakura Haruno				alt	inherited_v9	фільм «Naruto the Movie: Legend of the Stone of Gelel»; після еп. 147, альтернативне розміщення		daypart
0	06.10	unknown		100	V10-000136	NARUTO	F	Наруто дізнається про рідкісного жука бікоочу, личинка якого запам’ятовує перший запах після вилуплення	F [еп. 148, пошук бікоочу] — Наруто дізнається про рідкісного жука бікоочу, личинка якого запам’ятовує перший запах після вилуплення; Цунаде дозволяє йому приєднатися до Команди 8, щоб використати запах Саске для пошуку; Наруто, Хіната, Кіба, Акамару й Шіно вирушають у ліс.	Naruto Uzumaki;Sasuke Uchiha;Tsunade;Kiba Inuzuka;Akamaru;Hinata Hyuga;Shino Aburame	Team 8			main	inherited_v9	еп. 148, пошук бікоочу		daypart
0	07.10	unknown		100	V10-000137	NARUTO	F	Команда шукає кладку бікоочу й стикається з кланом Камізуру з Іваґакуре, який також полює на жука, щоб відновити репутац	F [еп. 149–150] — Команда шукає кладку бікоочу й стикається з кланом Камізуру з Іваґакуре, який також полює на жука, щоб відновити репутацію клану; Хіната потай відточує Захисні Вісім Триграм Шістдесят Чотири Долоні; вороги викрадають її та намагаються виміняти на кладку.	Hinata Hyuga				main	inherited_v9	еп. 149–150		daypart
0	08.10	unknown		100	V10-000138	NARUTO	F	Хіната самостійно виривається з бджолиної пастки й новою технікою захищає товаришів	F [еп. 150–151] — Хіната самостійно виривається з бджолиної пастки й новою технікою захищає товаришів; Команда 8 перемагає Камізуру й зберігає бікоочу, але в момент вилуплення Наруто випадково перебиває запах Саске власним газом, тому місія з пошуку сліду завершується невдачею.	Naruto Uzumaki;Sasuke Uchiha;Hinata Hyuga	Team 8			main	inherited_v9	еп. 150–151		daypart
0	10.10	unknown		100	V10-000139	NARUTO	F	Наруто приєднується до Лі, Неджи й Тентен у місії до шахтарського селища Катабамі	F [еп. 152, усунення родини Куросукі] — Наруто приєднується до Лі, Неджи й Тентен у місії до шахтарського селища Катабамі; Карáші повідомляє, що людей тероризує колишній Мечник Туману Райґа Куросукі, який влаштовує живим показові похорони.	Naruto Uzumaki;Rock Lee;Tenten				main	inherited_v9	еп. 152, усунення родини Куросукі		daypart
0	10.10	unknown		200	V10-000140	NARUTO	D	день народження Наруто Узумакі, 10 жовтня	M/D [датабукова дата] — день народження Наруто Узумакі, 10 жовтня; у прийнятій шкалі Year 0 він переходить із 12 на 13 років.	Naruto Uzumaki				main	exact	датабукова дата		daypart
0	11.10	unknown		100	V10-000141	NARUTO	F	команда входить у селище, але Карáші зраджує її зі страху перед Райґою	F [еп. 153–154] — команда входить у селище, але Карáші зраджує її зі страху перед Райґою; сліпий Ранмару бачить чакру й крізь перешкоди, нівелюючи перевагу Б’якуґана Неджи, та спрямовує блискавичні атаки Райґи; Лі захищає Карáші й переконує його перестати тікати від відповідальності.	Rock Lee				main	inherited_v9	еп. 153–154		daypart
0	12.10	unknown		100	V10-000142	NARUTO	F	Наруто й команда скидають Райґу зі скелі та знаходять Ранмару	F [еп. 155] — Наруто й команда скидають Райґу зі скелі та знаходять Ранмару; хлопець оживляє Райґу власною чакрою.	Naruto Uzumaki				main	inherited_v9	еп. 155		daypart
0	12.10	unknown		200	V10-000143	NARUTO	G	через нестачу старших шинобі Наруто виконує ланцюг надто складних місій і виявляє нову схему Орочімару	G/ALT [Naruto: Uzumaki Chronicles; приблизне пост-сасківське вікно] — через нестачу старших шинобі Наруто виконує ланцюг надто складних місій і виявляє нову схему Орочімару; японська й міжнародна версії сюжету істотно різняться.	Naruto Uzumaki;Orochimaru				alt	approximate	Naruto: Uzumaki Chronicles; приблизне пост-сасківське вікно		daypart
0	13.10	unknown		100	V10-000144	NARUTO	F	Ранмару відмовляється підтримувати вбивства й намагається зупинити Райґу	F [еп. 156] — Ранмару відмовляється підтримувати вбивства й намагається зупинити Райґу; Карáші несе Карі Життя виснаженим Лі та Наруто.	Naruto Uzumaki;Rock Lee				main	inherited_v9	еп. 156		daypart
0	13.10	unknown		200	V10-000145	NARUTO	G	Наруто збирає союзників і проходить створені для гри бої проти сил Орочімару	G/ALT [Uzumaki Chronicles] — Наруто збирає союзників і проходить створені для гри бої проти сил Орочімару; склад учасників залежить від регіональної версії гри.	Naruto Uzumaki;Orochimaru				alt	inherited_v9	Uzumaki Chronicles		daypart
0	14.10	unknown		100	V10-000146	NARUTO	F	команда перемагає людей Куросукі, а Райґа гине від власної блискавки	F [еп. 157] — команда перемагає людей Куросукі, а Райґа гине від власної блискавки; Ранмару починає нове життя.					main	inherited_v9	еп. 157		daypart;entities
0	14.10	unknown		200	V10-000147	NARUTO	G	Наруто зриває фінальний план Орочімару	G/ALT [Uzumaki Chronicles] — Наруто зриває фінальний план Орочімару; гілка закінчується без канонічних наслідків і лишається паралельною.	Naruto Uzumaki;Orochimaru				alt	inherited_v9	Uzumaki Chronicles		daypart
0	15.10	unknown		100	V10-000148	NARUTO	F	Наруто призначають керівником польового випробування для Конохамару, Моегі й Удона	F [еп. 158] — Наруто призначають керівником польового випробування для Конохамару, Моегі й Удона; він спершу поводиться як самовпевнений командир, але під час виживання в горах бере відповідальність за дітей, навчає їх співпраці й безпечно повертає до Конохи.	Naruto Uzumaki;Konohamaru Sarutobi				main	inherited_v9	еп. 158		daypart
0	17.10	unknown		100	V10-000149	NARUTO	F	Наруто, Кіба й Хіната отримують завдання спіймати злодія Ґосункуґі та зустрічають мисливця за головами Садзанамі	F [еп. 159, захоплення Ґосункуґі] — Наруто, Кіба й Хіната отримують завдання спіймати злодія Ґосункуґі та зустрічають мисливця за головами Садзанамі; він допомагає в пошуках, приховуючи, що насправді є Токічі — колишнім шинобі, якого помилково звинуватили у вбивстві родини.	Naruto Uzumaki;Kiba Inuzuka;Hinata Hyuga				main	inherited_v9	еп. 159, захоплення Ґосункуґі		daypart
0	18.10	unknown		100	V10-000150	NARUTO	F	Ґосункуґі заманює команду до храму О.К.	F [еп. 160] — Ґосункуґі заманює команду до храму О.К. і намагається забрати нагороду за Садзанамі; Наруто, Кіба й Хіната викривають справжнього вбивцю та перемагають його людей; Садзанамі очищує ім’я, але віддає затримання офіційній команді Конохи.	Naruto Uzumaki;Kiba Inuzuka;Hinata Hyuga				main	inherited_v9	еп. 160		daypart
0	19.10	unknown		100	V10-000151	NARUTO	F	Мондáй і Потчá маскуються під Майто Ґая та Рока Лі, щоб викрасти секрети Конохи	F [еп. 161] — Мондáй і Потчá маскуються під Майто Ґая та Рока Лі, щоб викрасти секрети Конохи; усі, крім Наруто, відразу бачать підміну й завантажують шахраїв принизливою роботою; справжні Ґай і Лі повертаються та одним ударом проганяють самозванців.	Naruto Uzumaki;Rock Lee;Might Guy				main	inherited_v9	еп. 161		daypart
0	20.10	unknown		100	V10-000152	NARUTO	F	Наруто, Неджи й Тентен прибувають до Країни Птахів розслідувати появу білого «Проклятого Воїна».	F [еп. 162, винищення Проклятого Воїна] — Наруто, Неджи й Тентен прибувають до Країни Птахів розслідувати появу білого «Проклятого Воїна».	Naruto Uzumaki;Tenten				main	inherited_v9	еп. 162, винищення Проклятого Воїна		daypart
0	20.10	unknown		200	V10-000153	NARUTO	G	Наруто та союзники починають пошук П’яти Дзеркал, пов’язаних із печаттю Духовного Звіра.	G/ALT [Naruto: Path of the Ninja 2; після втечі Саске] — Наруто та союзники починають пошук П’яти Дзеркал, пов’язаних із печаттю Духовного Звіра.	Naruto Uzumaki;Sasuke Uchiha				alt	inherited_v9	Naruto: Path of the Ninja 2; після втечі Саске		daypart
0	21.10	unknown		100	V10-000154	NARUTO	F	Неджи встановлює, що примара є виставою з нитками й прихованими маршрутами	F [еп. 163–164] — Неджи встановлює, що примара є виставою з нитками й прихованими маршрутами; Наруто дізнається, що під ім’ям загиблого Саґі править його сестра Токі.	Naruto Uzumaki				main	inherited_v9	еп. 163–164		daypart
0	21.10	unknown		200	V10-000155	NARUTO	G	різні групи борються за Дзеркала	G/ALT [Path of the Ninja 2] — різні групи борються за Дзеркала; зібрані артефакти послаблюють печать велетенського намадзу, що містить накопичені людські злі помисли.					alt	inherited_v9	Path of the Ninja 2		daypart;entities
0	22.10	unknown		100	V10-000156	NARUTO	F	люди Мосо заманюють Наруто в пастку	F [еп. 165] — люди Мосо заманюють Наруто в пастку; Токі йде мститися, а Наруто повертається, щоб зупинити вбивства.	Naruto Uzumaki				main	inherited_v9	еп. 165		daypart
0	22.10	unknown		200	V10-000157	NARUTO	G	команда перемагає Духовного Звіра й відновлює печать	G/ALT [Path of the Ninja 2] — команда перемагає Духовного Звіра й відновлює печать; оригінальна ігрова історія не має наслідків у серіалі.					alt	inherited_v9	Path of the Ninja 2		daypart;entities
0	23.10	unknown		100	V10-000158	NARUTO	F	Мосо виявляється Хокі, ватажком мандрівних шинобі Ватарі, який убив Саґі й маніпулював Токі та Комеєм	F [еп. 166–167] — Мосо виявляється Хокі, ватажком мандрівних шинобі Ватарі, який убив Саґі й маніпулював Токі та Комеєм; Наруто, Неджи, Тентен і Какаші розбивають його людей, Наруто перемагає Хокі, Комея звільняють, а Токі відмовляється від помсти й відкрито стає даймьо Країни Птахів.	Naruto Uzumaki;Kakashi Hatake;Tenten				main	inherited_v9	еп. 166–167		daypart
0	24.10	unknown		100	V10-000159	NARUTO	F	ніндзя-кухарі викрадають Аяме й вимагають секретний рецепт Ічіраку	F [еп. 168] — ніндзя-кухарі викрадають Аяме й вимагають секретний рецепт Ічіраку; Наруто, Сакура й Чоджі допомагають Теучі приготувати нову локшину, використовуючи техніки шинобі для замішування та нарізання; команда рятує Аяме, а суперники визнають поразку.	Naruto Uzumaki;Sakura Haruno;Choji Akimichi				main	inherited_v9	еп. 168		daypart
0	26.10	unknown		100	V10-000160	NARUTO	F	Анко очолює Наруто, Іно й Шіно в Країну Моря, де морське чудовисько топить вантажні судна	F [еп. 169, захоплення кайми] — Анко очолює Наруто, Іно й Шіно в Країну Моря, де морське чудовисько топить вантажні судна; повернення на острови пробуджує в Анко уривки пам’яті про її навчання в Орочімару та покинуту лабораторію.	Naruto Uzumaki;Orochimaru;Ino Yamanaka;Shino Aburame;Anko Mitarashi				main	inherited_v9	еп. 169, захоплення кайми		daypart
0	27.10	unknown		100	V10-000161	NARUTO	F	команда охороняє Аматсу й стикається з каймою Ісарібі, дівчиною, яку досліди Амачі перетворили на водяну істоту	F [еп. 170] — команда охороняє Аматсу й стикається з каймою Ісарібі, дівчиною, яку досліди Амачі перетворили на водяну істоту; Анко знаходить лабораторію й пригадує, що Орочімару залишив її після невдалого випробування Проклятої Печатки, а не тому, що вона добровільно його покинула.	Orochimaru;Anko Mitarashi				main	inherited_v9	еп. 170		daypart
0	28.10	unknown		100	V10-000162	NARUTO	F	Амачі, Місумі й Йорої заманюють команду в морську фортецю та розкривають план створення підводних шинобі	F [еп. 171–172] — Амачі, Місумі й Йорої заманюють команду в морську фортецю та розкривають план створення підводних шинобі; Ісарібі розривається між обіцянкою повернути людське тіло й співчуттям до полонених; Наруто переконує її, що Амачі лише використовує її.	Naruto Uzumaki				main	inherited_v9	еп. 171–172		daypart
0	29.10	unknown		100	V10-000163	NARUTO	F	Амачі сам перетворюється на морське чудовисько й намагається знищити флот Країни Моря	F [еп. 172–173] — Амачі сам перетворюється на морське чудовисько й намагається знищити флот Країни Моря; Наруто вивільняє чакру Дев’ятихвостого та перемагає його, Іно й Шіно руйнують установку, Анко приймає правду про своє минуле, а Ісарібі їде до Конохи на лікування.	Naruto Uzumaki;Ino Yamanaka;Shino Aburame;Anko Mitarashi				main	inherited_v9	еп. 172–173		daypart
0	30.10	unknown		100	V10-000164	NARUTO	F	Наруто охороняє Куніхісу, розпещеного сина заможного ювеліра, який намагається купувати людей і перемоги	F [еп. 174] — Наруто охороняє Куніхісу, розпещеного сина заможного ювеліра, який намагається купувати людей і перемоги; після справжнього викрадення Наруто рятує хлопця й змушує його зрозуміти, що довіра та дружба не мають грошової ціни.	Naruto Uzumaki				main	inherited_v9	еп. 174		daypart
0	31.10	unknown		100	V10-000165	NARUTO	F	Цунаде погрожує повернути Наруто, Кібу й Хінату до Академії через погану командну роботу та посилає шукати скарб	F [еп. 175, пошук закопаного золота] — Цунаде погрожує повернути Наруто, Кібу й Хінату до Академії через погану командну роботу та посилає шукати скарб; трійця Кедоїн викрадає їхні обличчя й голоси, плануючи під виглядом генінів проникнути до Конохи.	Naruto Uzumaki;Tsunade				main	inherited_v9	еп. 175, пошук закопаного золота		daypart
0	01.11	unknown		100	V10-000166	NARUTO	F	команда викриває підміну й перемагає Кедоїн.	F [еп. 176] — команда викриває підміну й перемагає Кедоїн.					main	inherited_v9	еп. 176		daypart;entities
0	01.11	unknown		200	V10-000167	NARUTO	G	Коноху й Суну атакують ожилі маріонетки клану Шіроґане	G/ALT [Naruto: Uzumaki Chronicles 2] — Коноху й Суну атакують ожилі маріонетки клану Шіроґане; Наруто отримує від Канкуро відомості про викрадені Сфери Духу.	Naruto Uzumaki;Kankuro				alt	inherited_v9	Naruto: Uzumaki Chronicles 2		daypart
0	02.11	unknown		100	V10-000168	NARUTO	F	Наруто випадково підміняє кур’єра й доставляє важливий пакунок.	F [еп. 177] — Наруто випадково підміняє кур’єра й доставляє важливий пакунок.	Naruto Uzumaki				main	inherited_v9	еп. 177		daypart
0	02.11	unknown		200	V10-000169	NARUTO	G	Наруто, Сакура, Шікамару, Канкуро та інші відбивають атаки маріонеток і повертають Сфери, потрібні Шіроґане для обряду в	G/ALT [Uzumaki Chronicles 2] — Наруто, Сакура, Шікамару, Канкуро та інші відбивають атаки маріонеток і повертають Сфери, потрібні Шіроґане для обряду відродження Майстра Маріонеток.	Naruto Uzumaki;Sakura Haruno;Kankuro				alt	inherited_v9	Uzumaki Chronicles 2		daypart
0	03.11	unknown		100	V10-000170	NARUTO	F	Наруто, Неджи, Лі й Тентен прибувають до Хошіґакуре охороняти метеорит.	F [еп. 178, охорона Зірки] — Наруто, Неджи, Лі й Тентен прибувають до Хошіґакуре охороняти метеорит.	Naruto Uzumaki;Rock Lee;Tenten				main	inherited_v9	еп. 178, охорона Зірки		daypart
0	03.11	unknown		200	V10-000171	NARUTO	G	Шіроґане завершують обряд, але Наруто й союзники руйнують живу бойову маріонетку та припиняють напад клану.	G/ALT [Uzumaki Chronicles 2] — Шіроґане завершують обряд, але Наруто й союзники руйнують живу бойову маріонетку та припиняють напад клану.	Naruto Uzumaki				alt	inherited_v9	Uzumaki Chronicles 2		daypart
0	04.11	unknown		100	V10-000172	NARUTO	F	викрадачкою виявляється Нацухі, мати Сумару, яка намагається припинити небезпечні тренування: випромінювання метеорита к	F [еп. 179–180] — викрадачкою виявляється Нацухі, мати Сумару, яка намагається припинити небезпечні тренування: випромінювання метеорита калічить і вбиває дітей; Акагоші приховує наслідки, прагнучи домогтися офіційного визнання селища, і наказує повернути Зірку будь-якою ціною.					main	inherited_v9	еп. 179–180		daypart;entities
0	05.11	unknown		100	V10-000173	NARUTO	F	з’ясовується, що Акагоші вбив Третього Хошікаґе, коли той заборонив тренування	F [еп. 181–182] — з’ясовується, що Акагоші вбив Третього Хошікаґе, коли той заборонив тренування; Нацухі захищає сина й отримує смертельне поранення, а Акагоші вбудовує Зірку у власне тіло, посилюючи Павичеву Техніку та намагаючись зламати опір селища.					main	inherited_v9	еп. 181–182		daypart;entities
0	06.11	unknown		100	V10-000174	NARUTO	F	Наруто використовує чакру Дев’ятихвостого й Расенґан, перемагає Акагоші та руйнує його чакрову форму	F [еп. 183] — Наруто використовує чакру Дев’ятихвостого й Расенґан, перемагає Акагоші та руйнує його чакрову форму; Нацухі помирає після прощання із Сумару, метеорит знищують, небезпечні тренування припиняють, а Сумару обіцяє колись очолити селище без сили Зірки.	Naruto Uzumaki				main	inherited_v9	еп. 183		daypart
0	07.11	unknown		100	V10-000175	NARUTO	F	після зараження особливою бактерією Акамару стає великим, агресивним і небезпечним	F [еп. 184] — після зараження особливою бактерією Акамару стає великим, агресивним і небезпечним; Кібі наказують у разі потреби вбити напарника, але Наруто, Хана й Кіба стримують пса достатньо довго, щоб застосувати протиотруту й урятувати його.	Naruto Uzumaki;Kiba Inuzuka;Akamaru				main	inherited_v9	еп. 184		daypart
0	08.11	unknown		100	V10-000176	NARUTO	F	дитинча онба чіпляється до спини Наруто й швидко виростає, через що він не може нормально тренуватися чи виконувати спра	F [еп. 185] — дитинча онба чіпляється до спини Наруто й швидко виростає, через що він не може нормально тренуватися чи виконувати справи; Наруто захищає істоту від мисливців, після чого доросла онба забирає маля, підтверджуючи стару історію Цунаде та Джираї.	Naruto Uzumaki;Tsunade				main	inherited_v9	еп. 185		daypart
0	09.11	unknown		100	V10-000177	NARUTO	F	Наруто й Шіно супроводжують Футу Каґецу на похорон, де той за умовою спадку не повинен засміятися	F [еп. 186] — Наруто й Шіно супроводжують Футу Каґецу на похорон, де той за умовою спадку не повинен засміятися; Шіно випадково отримує отруту сміху й ледве стримується, Наруто відбиває спроби родичів зірвати церемонію, а «померлий» батько викриває перевірку характеру спадкоємців.	Naruto Uzumaki;Shino Aburame				main	inherited_v9	еп. 186		daypart
0	10.11	unknown		100	V10-000178	NARUTO	F	Наруто, Хіната й Чоджі супроводжують караван у Країну Овочів.	F [еп. 187, супровід торговців] — Наруто, Хіната й Чоджі супроводжують караван у Країну Овочів.	Naruto Uzumaki;Choji Akimichi;Hinata Hyuga				main	inherited_v9	еп. 187, супровід торговців		daypart
0	10.11	unknown		200	V10-000179	NARUTO	G	над Конохою з’являється примарний замок Муґенджо	G/ALT [Ultimate Ninja Heroes 2: The Phantom Fortress] — над Конохою з’являється примарний замок Муґенджо; Наруто входить усередину й починає підйом через поверхи, створені гендзюцу та спогадами.	Naruto Uzumaki				alt	inherited_v9	Ultimate Ninja Heroes 2: The Phantom Fortress		daypart
0	11.11	unknown		100	V10-000180	NARUTO	F	переслідувачі атакують караван	F [еп. 188–189] — переслідувачі атакують караван; Чоджі перемагає Руйґу.	Choji Akimichi				main	inherited_v9	еп. 188–189		daypart
0	11.11	unknown		200	V10-000181	NARUTO	G	Наруто збирає чотирьох бійців і проходить випробування замку, тоді як паралельна прихована гілка показує розслідування Д	G/ALT [The Phantom Fortress] — Наруто збирає чотирьох бійців і проходить випробування замку, тоді як паралельна прихована гілка показує розслідування Джираї.	Naruto Uzumaki				alt	inherited_v9	The Phantom Fortress		daypart
0	12.11	unknown		100	V10-000182	NARUTO	F	Хіната перемагає Джіґу	F [еп. 189–190] — Хіната перемагає Джіґу; Харуна починає змінювати ставлення до підданих.	Hinata Hyuga				main	inherited_v9	еп. 189–190		daypart
0	12.11	unknown		200	V10-000183	NARUTO	G	джерело ілюзій Муґенджо знешкоджене, замок зникає	G/ALT [The Phantom Fortress] — джерело ілюзій Муґенджо знешкоджене, замок зникає; подія лишається окремою ігровою безперервністю.					alt	inherited_v9	The Phantom Fortress		daypart;entities
0	13.11	unknown		100	V10-000184	NARUTO	F	Ренґа використовує кристалічну броню та вологу повітря, але Наруто з союзниками руйнує його захист і звільняє столицю	F [еп. 190–191] — Ренґа використовує кристалічну броню та вологу повітря, але Наруто з союзниками руйнує його захист і звільняє столицю; Харуна повертається на престол, відмовляється від політики жертовності й обіцяє правити разом із людьми.	Naruto Uzumaki				main	inherited_v9	еп. 190–191		daypart
0	14.11	unknown		100	V10-000185	NARUTO	F	Іно підміняє принцесу Фуку під час зустрічі з нареченим Чікарою, бо портрет приховав її справжню зовнішність	F [еп. 192] — Іно підміняє принцесу Фуку під час зустрічі з нареченим Чікарою, бо портрет приховав її справжню зовнішність; втручання Наруто руйнує маскування, але Чікара приймає справжню Фуку, а місія завершується без політичного скандалу.	Naruto Uzumaki;Ino Yamanaka				main	inherited_v9	еп. 192		daypart
0	15.11	unknown		100	V10-000186	NARUTO	F	Ґай відкриває доджьо й чекає на гідного суперника	F [еп. 193] — Ґай відкриває доджьо й чекає на гідного суперника; Лі намагається підтримати наставника, серія маскувань і непорозумінь приводить до сутички з людиною, що прагне помсти Ґаю, але наставник і учень зберігають доджьо та примиряються.	Rock Lee;Might Guy				main	inherited_v9	еп. 193		daypart
0	16.11	unknown		100	V10-000187	NARUTO	F	Наруто, Кіба й Хіната розслідують зникнення людей у «проклятому» замку	F [еп. 194] — Наруто, Кіба й Хіната розслідують зникнення людей у «проклятому» замку; будівля виявляється частиною гігантської істоти-хамелеона, що маскується під споруду й ковтає подорожніх; команда знаходить вихід і звільняє полонених.	Naruto Uzumaki;Kiba Inuzuka;Hinata Hyuga				main	inherited_v9	еп. 194		daypart
0	17.11	unknown		100	V10-000188	NARUTO	F	Яґура проситься в учні до Ґая, але виявляється маріонеткою братів Рюдоїн, які хочуть помститися за батька Аґіру	F [еп. 195, Третій Великий Звір] — Яґура проситься в учні до Ґая, але виявляється маріонеткою братів Рюдоїн, які хочуть помститися за батька Аґіру; вони заманюють Ґая й Лі до тренувальної зали з дерев’яними бойовими ляльками.	Rock Lee				main	inherited_v9	еп. 195, Третій Великий Звір		daypart
0	18.11	unknown		100	V10-000189	NARUTO	F	Наруто, Неджи й Тентен допомагають знищити ляльок і звільнити Ґая	F [еп. 196] — Наруто, Неджи й Тентен допомагають знищити ляльок і звільнити Ґая; брати дізнаються, що Ґай не вбивав Аґіру — той помер, виснаживши себе тренуваннями після чесної поразки; помста припиняється, а Лі підтверджує відданість своєму наставнику.	Naruto Uzumaki;Rock Lee;Tenten;Might Guy				main	inherited_v9	еп. 196		daypart
0	18.11	unknown		200	V10-000190	NARUTO	V	Наруто, Сакура, Лі й Какаші супроводжують принца Мічіру та його сина Хікару до Країни Місяця	F/ALT [фільм «Naruto the Movie: Guardians of the Crescent Moon Kingdom»; після еп. 196] — Наруто, Сакура, Лі й Какаші супроводжують принца Мічіру та його сина Хікару до Країни Місяця; після перевороту Шабадаби команда допомагає повернути владу законній династії, а Наруто перемагає Ішідате.	Naruto Uzumaki;Sakura Haruno;Kakashi Hatake;Rock Lee				alt	inherited_v9	фільм «Naruto the Movie: Guardians of the Crescent Moon Kingdom»; після еп. 196		daypart
0	19.11	unknown		100	V10-000191	NARUTO	F	старий майстер пасток Ґенно, який працював у Конохі теслею, викрадає креслення оборони й нібито підриває себе	F [еп. 197, повернення планів Конохи] — старий майстер пасток Ґенно, який працював у Конохі теслею, викрадає креслення оборони й нібито підриває себе; Цунаде збирає одинадцятьох генінів Конохи для пошуку мережі вибухових печаток, закладених по селу.	Tsunade				main	inherited_v9	еп. 197, повернення планів Конохи		daypart
0	20.11	unknown		100	V10-000192	NARUTO	F	шинобі відновлюють схему пасток Ґенно й розуміють, що ціллю є вся Коноха.	F [еп. 198–199] — шинобі відновлюють схему пасток Ґенно й розуміють, що ціллю є вся Коноха.					main	inherited_v9	еп. 198–199		daypart;entities
0	20.11	unknown		200	V10-000193	NARUTO	G	АНБУ Това й Комачі розслідують змову, пов’язану з Каґурою та Бандо	G/ALT [Naruto: Clash of Ninja Revolution 2; після втечі Саске] — АНБУ Това й Комачі розслідують змову, пов’язану з Каґурою та Бандо; Коноха опиняється під загрозою внутрішнього нападу.	Naruto Uzumaki;Sasuke Uchiha				alt	inherited_v9	Naruto: Clash of Ninja Revolution 2; після втечі Саске		daypart
0	21.11	unknown		100	V10-000194	NARUTO	F	команда знаходить печатки на монументі Хокаґе	F [еп. 200] — команда знаходить печатки на монументі Хокаґе; Ґенно запускає багаторівневий план помсти.					main	inherited_v9	еп. 200		daypart;entities
0	21.11	unknown		200	V10-000195	NARUTO	G	Наруто й союзники вступають у серію боїв, намагаючись відділити справжніх змовників від підозрюваних шинобі Конохи.	G/ALT [Clash of Ninja Revolution 2] — Наруто й союзники вступають у серію боїв, намагаючись відділити справжніх змовників від підозрюваних шинобі Конохи.	Naruto Uzumaki				alt	inherited_v9	Clash of Ninja Revolution 2		daypart
0	22.11	unknown		100	V10-000196	NARUTO	F	Наруто наздоганяє Ґенно	F [еп. 201] — Наруто наздоганяє Ґенно; старий не завершує знищення Конохи й помирає, відпустивши помсту.	Naruto Uzumaki				main	inherited_v9	еп. 201		daypart
0	22.11	unknown		200	V10-000197	NARUTO	G	план Каґури й Бандо зірвано	G/ALT [Clash of Ninja Revolution 2] — план Каґури й Бандо зірвано; оригінальна американська ігрова історія завершується без продовження в каноні.					alt	inherited_v9	Clash of Ninja Revolution 2		daypart;entities
0	23.11	unknown		100	V10-000198	NARUTO	F	спеціальний випуск ранжує п’ять найкращих боїв попередніх серій і складається переважно з повторених сцен	F [еп. 202, мета-рекап] — спеціальний випуск ранжує п’ять найкращих боїв попередніх серій і складається переважно з повторених сцен; нової внутрішньосвітової події, яку можна надійно датувати, немає.					main	inherited_v9	еп. 202, мета-рекап		daypart;entities
0	24.11	unknown		100	V10-000199	NARUTO	F	Куренай раптово залишає Команду 8, щоб самостійно наглядати за колишньою ученицею Якумо Курамою	F [еп. 203, порятунок Якумо Курами] — Куренай раптово залишає Команду 8, щоб самостійно наглядати за колишньою ученицею Якумо Курамою; Наруто, Кіба, Хіната й Шіно не приймають пояснення та вирушають слідом.	Naruto Uzumaki;Kiba Inuzuka;Hinata Hyuga;Shino Aburame;Kurenai Yuhi	Team 8			main	inherited_v9	еп. 203, порятунок Якумо Курами		daypart
0	25.11	unknown		100	V10-000200	NARUTO	F	клан Курама намагається повернути Якумо, чий винятковий ґенджюцу може керувати всіма п’ятьма чуттями	F [еп. 204–205] — клан Курама намагається повернути Якумо, чий винятковий ґенджюцу може керувати всіма п’ятьма чуттями; відкривається наказ Хірузена запечатати її силу й обіцянка Куренай захищати дівчину; Якумо вважає, що Куренай убила її батьків.	Kurenai Yuhi				main	inherited_v9	еп. 204–205		daypart
0	26.11	unknown		100	V10-000201	NARUTO	F	Якумо занурює Коноху й переслідувачів у настільки повне ґенджюцу, що ілюзорні поранення стають реальними	F [еп. 206] — Якумо занурює Коноху й переслідувачів у настільки повне ґенджюцу, що ілюзорні поранення стають реальними; Наруто та Куренай входять у її внутрішній світ і знаходять Ідо — породжену пригніченою силою особистість, яка насправді спалила будинок і вбила батьків Якумо.	Naruto Uzumaki;Kurenai Yuhi				main	inherited_v9	еп. 206		daypart
0	27.11	unknown		100	V10-000202	NARUTO	F	Якумо приймає правду й власноруч знищує Ідо, звільняючи себе від неконтрольованої сили	F [еп. 207] — Якумо приймає правду й власноруч знищує Ідо, звільняючи себе від неконтрольованої сили; Куренай виконує обіцянку Хірузену та повертається до Команди 8, а Якумо обирає життя без примусу доводити цінність клану як бойова куноїчі.	Kurenai Yuhi	Team 8			main	inherited_v9	еп. 207		daypart
0	28.11	unknown		100	V10-000203	NARUTO	F	Наруто й Кіба супроводжують майстра Шінемона та його коштовну чайну чашу Качофуґецу	F [еп. 208] — Наруто й Кіба супроводжують майстра Шінемона та його коштовну чайну чашу Качофуґецу; злодії полюють на виріб, а клієнт цінує предмет більше за охоронців, доки небезпека не змушує його переоцінити вагу речі порівняно з людським життям.	Naruto Uzumaki;Kiba Inuzuka				main	inherited_v9	еп. 208		daypart
0	29.11	unknown		100	V10-000204	NARUTO	F	Наруто, Сакура й Лі охороняють тюремний корабель, що везе Ґантецу, колишнього члена банди Шінобадзу	F [еп. 209, супровід Ґантецу] — Наруто, Сакура й Лі охороняють тюремний корабель, що везе Ґантецу, колишнього члена банди Шінобадзу; капітан Тодорокі прагне особисто вбити в’язня, бо вважає його винним у загибелі своєї родини й молодшого брата Акіо.	Naruto Uzumaki;Sakura Haruno;Rock Lee				main	inherited_v9	еп. 209, супровід Ґантецу		daypart
0	30.11	unknown		100	V10-000205	NARUTO	F	Шінобадзу атакують корабель і відводять річку в підземний тунель	F [еп. 210] — Шінобадзу атакують корабель і відводять річку в підземний тунель; Наруто, Тодорокі та Ґантецу потрапляють до Лісу Заблудження, де Ґантецу орієнтується за таємними знаками й розкриває, що колись рятував дітей, яких банда залишала сиротами.	Naruto Uzumaki				main	inherited_v9	еп. 210		daypart
0	01.12	unknown		100	V10-000206	NARUTO	F	Шінобадзу викрадають Акіо, а Тодорокі разом із Ґантецу штурмує їхню базу.	F [еп. 211] — Шінобадзу викрадають Акіо, а Тодорокі разом із Ґантецу штурмує їхню базу.					main	inherited_v9	еп. 211		daypart;entities
0	01.12	unknown		200	V10-000207	NARUTO	G	починається спеціально створений для європейського видання сюжет	G/ALT [Naruto: Ninja Destiny 2 — European Version] — починається спеціально створений для європейського видання сюжет; його точне місце після втечі Саске офіційно не датоване, тому дата є лише робочим вікном.	Naruto Uzumaki;Sasuke Uchiha				alt	inherited_v9	Naruto: Ninja Destiny 2 — European Version		daypart
0	02.12	unknown		100	V10-000208	NARUTO	F	Наруто перемагає Шуру, Ґантецу рятує Акіо, а Тодорокі дозволяє йому залишитися з дітьми.	F [еп. 212] — Наруто перемагає Шуру, Ґантецу рятує Акіо, а Тодорокі дозволяє йому залишитися з дітьми.	Naruto Uzumaki				main	inherited_v9	еп. 212		daypart
0	02.12	unknown		200	V10-000209	NARUTO	G	Наруто збирає сувої й проходить серію сюжетних поєдинків із шинобі Конохи, Суни та ворогами	G/ALT [Ninja Destiny 2 EU] — Наруто збирає сувої й проходить серію сюжетних поєдинків із шинобі Конохи, Суни та ворогами; ця версія не тотожна японському релізу.	Naruto Uzumaki				alt	inherited_v9	Ninja Destiny 2 EU		daypart
0	03.12	unknown		100	V10-000210	NARUTO	F	Наруто знаходить пораненого юнака без пам’яті й називає його Менмою.	F [еп. 213, пошук пам’яті Менми] — Наруто знаходить пораненого юнака без пам’яті й називає його Менмою.	Naruto Uzumaki				main	inherited_v9	еп. 213, пошук пам’яті Менми		daypart
0	03.12	unknown		200	V10-000211	NARUTO	G	ігрова лінія завершується фінальним зіткненням, пов’язаним із Саске	G/ALT [Ninja Destiny 2 EU] — ігрова лінія завершується фінальним зіткненням, пов’язаним із Саске; через відсутність надійної внутрішньої календарної прив’язки вона зберігається лише як паралельний пост-сасківський сюжет.	Sasuke Uchiha				alt	inherited_v9	Ninja Destiny 2 EU		daypart
0	04.12	unknown		100	V10-000212	NARUTO	F	Наруто супроводжує Менму до селища, на яке нападають розбійники	F [еп. 214] — Наруто супроводжує Менму до селища, на яке нападають розбійники; мешканці впізнають у ньому одного з нападників і відмовляються довіряти, а повернення спогадів показує, що він був членом банди, хоча таємно намагався мінімізувати жертви.	Naruto Uzumaki				main	inherited_v9	еп. 214		daypart
0	05.12	unknown		100	V10-000213	NARUTO	F	колишні спільники Менми намагаються знищити селище обвалом	F [еп. 215] — колишні спільники Менми намагаються знищити селище обвалом; він переходить на бік Наруто, використовує музику для підтримки захисників і жертвує собою, підірвавши тунель та відвівши руйнування від людей; Наруто зберігає його окарину й визнає вибір Менми важливішим за злочинне минуле.	Naruto Uzumaki				main	inherited_v9	еп. 215		daypart
0	07.12	unknown		100	V10-000214	NARUTO	F	Четвірка Небесних Символів із Такумі викрадає ученицю Ґаари Мацурі, щоб виманити джінчюрикі	F [еп. 216, підтримка Су́наґакуре] — Четвірка Небесних Символів із Такумі викрадає ученицю Ґаари Мацурі, щоб виманити джінчюрикі; Ґаара, Темарі й Канкуро вирушають навздогін, а Цунаде відправляє на допомогу команди Конохи.	Tsunade;Gaara;Temari;Kankuro				main	inherited_v9	еп. 216, підтримка Су́наґакуре		daypart
0	08.12	unknown		100	V10-000215	NARUTO	F	шинобі Конохи об’єднуються з Суною й розділяються проти Хокі, Куджаку, Рюґана та Суйко	F [еп. 217] — шинобі Конохи об’єднуються з Суною й розділяються проти Хокі, Куджаку, Рюґана та Суйко; вороги використовують створені в Такумі чакрові обладунки та зброю, що поглинає стихійні атаки; Ґаара продовжує переслідування, захищаючи Мацурі.	Gaara				main	inherited_v9	еп. 217		daypart
0	09.12	unknown		100	V10-000216	NARUTO	F	Суйко запечатує пісок Ґаари водяною технікою й намагається витягти силу Шукаку	F [еп. 218] — Суйко запечатує пісок Ґаари водяною технікою й намагається витягти силу Шукаку; Наруто та союзники руйнують частину обладнання, Темарі й Канкуро перемагають своїх супротивників, але лідер ворогів запускає ритуал відродження засновника Такумі.	Naruto Uzumaki;Temari;Kankuro				main	inherited_v9	еп. 218		daypart
0	10.12	unknown		100	V10-000217	NARUTO	F	Сеймей відроджується через чотири легендарні знаряддя й використовує чакру Ґаари для створення «досконалої зброї»	F [еп. 219] — Сеймей відроджується через чотири легендарні знаряддя й використовує чакру Ґаари для створення «досконалої зброї»; Наруто допомагає Ґаарі втримати Шукаку, після чого їхня спільна атака руйнує обладунок і остаточно перемагає Сеймея.	Naruto Uzumaki				main	inherited_v9	еп. 219		daypart
0	11.12	unknown		100	V10-000218	NARUTO	F	Мацурі врятована, Четвірку Небесних Символів знищено, а союз Конохи й Суни зміцнюється	F [еп. 220, завершення місії] — Мацурі врятована, Четвірку Небесних Символів знищено, а союз Конохи й Суни зміцнюється; Ґаара повертається до обов’язків у селищі, тоді як команди Конохи починають дорогу додому.	Gaara				main	inherited_v9	еп. 220, завершення місії		daypart
0	12.12	unknown		100	V10-000219	NARUTO	F	шинобі Конохи повертаються із Су́ни	F [еп. 220] — шинобі Конохи повертаються із Су́ни; Цунаде підсумовує місію, друзі Наруто відновлюють тренування й отримують нові завдання перед його тривалою відсутністю.	Naruto Uzumaki;Tsunade				main	inherited_v9	еп. 220		daypart
0	13.12	unknown		100	V10-000220	NARUTO	F	Наруто готується до подорожі з Джираєю та востаннє проводить час у Конохі	F [еп. 220] — Наруто готується до подорожі з Джираєю та востаннє проводить час у Конохі; Сакура продовжує медичне навчання, а їхня спільна мета повернути Саске залишається незмінною.	Naruto Uzumaki;Sasuke Uchiha;Sakura Haruno				main	inherited_v9	еп. 220		daypart
0	14.12	unknown		100	V10-000221	NARUTO	F	Джирая завершує приготування до відбуття й нагадує про загрозу Акацукі та строк до наступної зміни тіла Орочімару	F [еп. 220] — Джирая завершує приготування до відбуття й нагадує про загрозу Акацукі та строк до наступної зміни тіла Орочімару; Наруто прощається з місцями й людьми, що сформували його перший рік як геніна.	Naruto Uzumaki;Jiraiya;Orochimaru				main	inherited_v9	еп. 220		daypart
0	16.12	unknown		100	V10-000222	NARUTO	M	Сакура демонструє Цунаде швидкий прогрес у медичному ніндзюцу, оживляючи рибу	M [гл. 238, «День відбуття»; приблизно три місяці після провалу повернення Саске] — Сакура демонструє Цунаде швидкий прогрес у медичному ніндзюцу, оживляючи рибу; Цунаде відзначає її винятковий талант. Кіба розповідає Шино про місію повернення Саске, яку той пропустив; Неджі тренує з Хіаші сліпу зону Б’якуґана, Хіната приносить чай і соромиться згадки про Наруто; Чоджі після відновлення знову їсть і вирішує серйозніше тренуватися; Лі безперервно тренується. Шикамару прощається з Ґаарою, Темарі й Канкуро, які в манґа-версії саме залишають Коноху. Наруто востаннє їсть рамен з Ірукою, після чого вирушає з Джираєю в тренувальну подорож приблизно на два з половиною роки; Хіната проводжає його поглядом і обіцяє стати сильнішою. Акацукі збирається й узгоджує подальший план полювання на джінчюрікі.	Naruto Uzumaki;Sasuke Uchiha;Sakura Haruno;Tsunade;Temari;Kankuro;Shikamaru Nara;Choji Akimichi;Kiba Inuzuka;Hinata Hyuga;Neji Hyuga;Rock Lee				main	approximate	гл. 238, «День відбуття»; приблизно три місяці після провалу повернення Саске	A [еп. 220] — аніме також завершує Part I відбуттям Наруто з Джираєю, але безпосередньо перед цим трійця Суни перебуває в Суні після місії Такумі; тому сцена їхнього від’їзду з Конохи лишається манґа-специфічним елементом у спільній лінії.	supporting-source-migrated;daypart
0	17.12	unknown		100	V10-000223	NARUTO	R	під час тренувальної мандрівки Джирая навчає Наруто протидіяти ґенджюцу	F [Shippūden еп. 187; ретроспектива, реконструйований початок подорожі] — під час тренувальної мандрівки Джирая навчає Наруто протидіяти ґенджюцу; вони прибувають до села, захопленого прибічниками колишнього соратника Ханзо, й довідуються про ув’язнених жінок та дітей.	Naruto Uzumaki;Jiraiya				main	derived	Shippūden еп. 187; ретроспектива, реконструйований початок подорожі		daypart
0	18.12	unknown		100	V10-000224	NARUTO	R	Наруто й Джирая допомагають місцевим повстанцям визволити заручників і скинути загарбників	F [Shippūden еп. 188; ретроспектива, продовження подорожі] — Наруто й Джирая допомагають місцевим повстанцям визволити заручників і скинути загарбників; перше випробування мандрівки зміцнює їхні стосунки вчителя й учня.	Naruto Uzumaki;Jiraiya				main	inherited_v9	Shippūden еп. 188; ретроспектива, продовження подорожі		daypart
